"School Number",Latitude,Longitude,Easting,Northing
"6602130",53.412411,-4.346583,244130,393187
"6602131",53.264726,-4.102487,259868,376254
"6602132",53.293866,-4.499654,233496,380348
"6602133",53.26473,-4.360559,242658,376792
"6602134",53.199992,-4.40385,239529,369688
"6602135",53.268926,-4.475462,235012,377518
"6602136",53.178925,-4.2697,248414,367052
"6602138",53.408034,-4.455113,236901,392943
"6602139",53.165026,-4.327867,244477,365631
"6602140",53.221968,-4.277055,248075,371855
"6602141",53.372159,-4.432346,238278,388901
"6602142",53.253499,-4.414017,239051,375662
"6602145",53.355129,-4.24242,250852,386593
"6602146",53.301013,-4.232948,251294,380554
"6602152",53.221515,-4.206503,252783,371657
"6602153",53.390415,-4.459317,236554,390993
"6602154",53.259064,-4.295294,246990,376020
"6602155",53.291824,-4.089113,260848,379242
"6602156",53.236204,-4.353624,243016,373604
"6602157",53.331043,-4.375275,241922,384200
"6602160",53.234245,-4.469922,235248,373648
"6602161",53.281426,-4.218786,252170,378346
"6602162",53.390264,-4.314472,246184,390654
"6602163",53.2646,-4.596757,226907,377324
"6602164",53.230894,-4.515792,232174,373382
"6602165",53.373729,-4.364066,242826,388923
"6602166",53.273579,-4.273514,248494,377588
"6602168",53.28154,-4.567285,228940,379137
"6602169",53.307777,-4.623832,225278,382192
"6602170",53.322489,-4.22922,251617,382935
"6602172",53.167256,-4.353902,242745,365936
"6602173",53.26185,-4.523448,231785,376843
"6602174",53.244491,-4.149216,256684,374096
"6602175",53.229589,-4.167303,255427,372475
"6602176",53.299717,-4.626895,225041,381303
"6602177",53.302078,-4.623348,225287,381557
"6602226",53.259799,-4.326926,244883,376170
"6602227",53.353834,-4.534727,231396,387100
"6603034",53.214666,-4.248718,249941,370983
"6603035",53.189849,-4.329272,244473,368395
"6603036",53.310505,-4.642796,224026,382542
"6603304",53.308286,-4.635033,224534,382276
"6604025",53.403788,-4.352066,243734,392240
"6604026",53.311339,-4.63968,224237,382627
"6604027",53.25609,-4.320263,245314,375743
"6604028",53.228196,-4.177121,254767,372340
"6604029",53.292563,-4.503044,233265,380211
"6605200",53.274467,-4.531011,231330,378264
"6607011",53.257226,-4.321523,245234,375872
"6612000",53.148307,-4.129783,257662,363359
"6612004",52.935768,-4.523841,230480,340578
"6612006",53.147672,-4.192491,253467,363415
"6612008",52.903285,-4.385348,239666,336647
"6612009",52.823315,-4.506569,231204,328031
"6612010",53.013114,-4.106426,258782,348276
"6612011",53.164923,-4.205234,252674,365360
"6612013",53.177275,-4.091263,260332,366505
"6612015",52.913894,-4.140049,256197,337307
"6612017",53.037219,-4.321308,244455,351402
"6612026",53.147636,-4.258388,249060,363548
"6612028",53.180524,-4.058018,262564,366802
"6612033",52.917126,-4.23401,249891,337859
"6612035",53.142085,-4.16716,255142,362742
"6612036",52.919894,-4.335012,243111,338383
"6612039",52.806788,-4.714112,217153,326701
"6612042",53.11858,-4.127476,257718,360048
"6612046",52.922767,-4.565308,227642,339231
"6612047",53.099363,-4.293651,246530,358254
"6612048",52.925807,-4.384496,239807,339150
"6612049",52.972496,-4.242451,249516,344035
"6612051",53.216618,-4.141296,257120,370980
"6612059",52.975599,-4.403347,238725,344730
"6612060",52.858839,-4.489156,232514,331941
"6612066",52.94202,-4.351043,242114,340879
"6612069",53.188664,-4.065622,262082,367722
"6612070",53.041118,-4.28294,247041,351753
"6612075",52.930627,-4.548973,228771,340066
"6612078",53.05241,-4.188823,253388,352812
"6612081",53.029913,-4.269441,247906,350478
"6612085",53.152586,-4.163242,255439,363902
"6612089",53.054268,-4.278018,247417,353205
"6612093",52.928072,-4.450826,235357,339552
"6612097",53.17308,-4.131115,257655,366117
"6612098",53.091172,-4.230338,250740,357209
"6612099",53.097443,-4.245376,249755,357938
"6612103",52.810616,-4.519401,230290,326649
"6612104",52.928353,-4.134773,256600,338905
"6612108",53.054271,-4.255217,248945,353157
"6612110",52.939409,-4.146562,255844,340158
"6612111",52.992152,-4.427639,237157,346626
"6612112",52.898871,-4.622349,223711,336712
"6612113",53.112858,-4.2057,252464,359570
"6612116",53.225983,-4.117337,258750,371974
"6612118",53.214842,-4.149574,256561,370799
"6612119",53.136409,-4.25919,248967,362301
"6612122",53.115189,-4.268731,248254,359961
"6612123",53.213356,-4.15611,256120,370647
"6612125",52.881667,-4.418792,237336,334318
"6612126",53.177014,-4.053061,262884,366402
"6612127",53.176526,-4.215177,252049,366671
"6612180",52.908271,-3.595521,292795,335729
"6612181",52.724447,-4.061097,260901,316081
"6612185",52.65533,-3.843561,275394,307995
"6612189",52.783518,-4.096512,258701,322720
"6612190",52.958471,-3.932305,270298,341869
"6612192",52.938938,-3.958445,268483,339744
"6612194",52.8215,-4.097316,258770,326946
"6612198",52.954162,-4.062911,261512,341634
"6612199",52.858785,-3.674716,287341,330346
"6612205",52.984246,-3.929469,270566,344731
"6612207",52.585548,-3.922896,269821,300374
"6612208",52.929752,-4.067916,261098,338929
"6612210",52.899347,-4.066892,261069,335545
"6612211",52.985919,-3.960302,268501,344973
"6612212",52.584991,-4.083316,258952,300614
"6612213",52.901678,-3.922803,270767,335535
"6612214",52.939836,-3.634511,290253,339299
"6612219",52.862415,-4.107654,258207,331517
"6612220",52.933599,-3.540805,296535,338466
"6612221",52.9943,-3.939925,269894,345868
"6612227",53.231438,-4.122027,258455,372590
"6612228",52.626591,-4.071166,259908,305217
"6612229",53.077765,-4.275467,247671,355813
"6613004",52.849541,-4.585864,225967,331137
"6613005",53.141596,-4.259686,248952,362879
"6613009",53.208343,-4.168797,255256,370115
"6613010",52.853096,-4.522248,230264,331380
"6613013",53.217106,-4.099254,259928,370951
"6613018",53.078986,-4.312858,245171,356029
"6613023",52.922949,-4.272015,247357,338587
"6613029",53.190447,-4.08655,260690,367961
"6613030",53.220301,-4.151411,256457,371410
"6613300",53.14221,-4.269946,248268,362969
"6613301",53.221367,-4.13522,257541,371496
"6613305",52.911285,-3.599364,292544,336070
"6614002",53.184132,-4.066153,262032,367219
"6614003",52.853935,-4.581877,226253,331616
"6614004",53.150634,-4.191305,253556,363742
"6614007",53.053678,-4.278763,247365,353141
"6614009",52.931865,-4.13113,256856,339288
"6614031",52.992127,-3.935909,270157,345619
"6614032",52.584675,-4.08953,258530,300591
"6614033",52.913098,-3.596933,292712,336268
"6614034",52.862124,-4.111398,257954,331492
"6614036",53.217759,-4.152326,256387,371129
"6614037",53.220049,-4.144996,256884,371369
"6614039",53.145873,-4.264128,248670,363364
"6614040",52.881952,-4.423757,237003,334361
"6615500",52.741379,-3.879783,273194,317629
"6617002",53.147636,-4.258388,249060,363548
"6617010",52.926338,-4.080132,260266,338573
"6622002",53.191155,-3.842554,276992,367592
"6622012",53.091713,-3.819275,278266,356491
"6622023",53.274258,-3.903899,273140,376943
"6622038",53.293141,-3.821359,278697,378900
"6622043",53.052932,-3.884147,273809,352290
"6622044",53.316138,-3.835384,277828,381482
"6622053",53.311572,-3.7789,281578,380879
"6622061",53.320325,-3.830279,278180,381939
"6622063",53.316882,-3.825598,278482,381548
"6622086",53.041957,-3.800561,279380,350925
"6622103",53.310418,-3.748244,283617,380700
"6622104",53.217032,-3.608368,292702,370093
"6622106",53.291783,-3.765715,282402,378656
"6622107",53.203545,-3.847626,276689,368979
"6622108",53.287805,-3.703138,286562,378112
"6622110",53.305834,-3.524777,298494,379849
"6622111",53.287816,-3.576836,294981,377920
"6622112",53.287816,-3.576836,294981,377920
"6622114",53.289877,-3.720223,285429,378370
"6622115",53.257772,-3.974484,268383,375237
"6622118",53.305834,-3.524777,298494,379849
"6622121",53.31799,-3.81422,279243,381652
"6622123",53.026548,-3.561473,295371,348835
"6622131",53.223326,-3.527492,298117,370675
"6622132",53.178293,-3.598944,293235,365770
"6622148",53.194655,-3.685192,287514,367722
"6622221",53.287816,-3.576836,294981,377920
"6622222",53.084835,-3.770397,281520,355644
"6622225",53.26797,-3.793945,280454,376054
"6622264",53.280852,-3.656798,289633,377266
"6622267",53.289318,-3.702314,286621,378279
"6622269",53.290477,-3.760497,282746,378502
"6622270",53.046332,-3.679787,287488,351215
"6622271",53.137212,-3.796216,279937,361513
"6622272",53.293689,-3.718335,285565,378791
"6622273",53.287754,-3.679433,288142,378069
"6622274",53.285965,-3.791759,280650,378052
"6623020",53.252781,-3.975109,268326,374683
"6623021",53.255227,-3.846102,276939,374725
"6623024",53.268856,-3.914501,272417,376361
"6623032",53.019017,-3.736929,283584,348268
"6623038",53.270671,-3.538401,297502,375957
"6623039",53.156438,-3.785099,280734,363633
"6623040",53.217109,-3.793133,280366,370395
"6623043",53.27829,-3.833087,277873,377268
"6623059",53.288691,-3.643809,290519,378118
"6623062",53.247741,-3.639259,290718,373556
"6623302",53.318747,-3.790922,280797,381697
"6623303",53.312092,-3.821385,278749,381008
"6623307",53.325686,-3.838257,277664,382549
"6623333",53.296218,-3.73626,284377,379101
"6623340",53.264692,-3.682832,287855,375509
"6624022",53.314739,-3.823465,278618,381306
"6624023",53.285695,-3.836779,277648,378098
"6624035",53.133186,-3.786541,280573,361049
"6624038",53.311572,-3.7789,281578,380879
"6625201",53.288434,-3.737999,284240,378238
"6625400",53.285326,-3.577525,294929,377644
"6625402",53.290953,-3.717442,285617,378485
"6625403",53.285762,-3.705172,286421,377888
"6627007",53.319121,-3.804197,279914,381761
"6632011",53.299163,-3.412401,305967,378953
"6632037",53.289344,-3.4619,302646,377927
"6632038",53.316295,-3.486569,301064,380959
"6632039",53.31463,-3.469294,302211,380750
"6632057",53.269365,-3.508348,299503,375769
"6632059",53.330521,-3.408362,306305,382436
"6632060",53.315692,-3.483711,301253,380888
"6632066",53.310028,-3.472138,302011,380242
"6632067",53.315453,-3.414635,305854,380768
"6632070",53.219822,-3.360437,309262,370060
"6632072",53.325598,-3.46928,302237,381970
"6632124",53.247552,-3.500191,299996,373331
"6632125",53.188822,-3.409699,305905,366675
"6632127",53.200778,-3.458973,302640,368071
"6632134",53.188822,-3.409699,305905,366675
"6632135",53.175948,-3.336395,310776,365149
"6632136",53.187043,-3.407336,306059,366474
"6632164",53.152066,-3.314837,312168,362466
"6632168",53.066979,-3.272947,314801,352950
"6632214",53.009761,-3.447259,302993,346807
"6632215",52.983136,-3.326623,311032,343689
"6632216",52.989495,-3.381045,307392,344465
"6632219",53.007998,-3.379923,307507,346522
"6632227",53.325359,-3.412336,306029,381867
"6632234",52.96049,-3.150045,322846,340965
"6632255",53.114044,-3.304114,312808,358223
"6632256",53.114044,-3.304114,312808,358223
"6632261",53.159953,-3.374532,308193,363418
"6632262",53.102256,-3.199231,319806,356789
"6632263",52.96049,-3.150045,322846,340965
"6632264",53.328004,-3.427274,305040,382181
"6632265",53.336231,-3.398263,306990,383058
"6632266",53.184623,-3.430873,304481,366236
"6632267",52.958706,-3.403139,305842,341069
"6632268",53.07678,-3.370463,308288,354161
"6633020",53.246156,-3.376739,308230,373010
"6633024",53.25648,-3.44177,303914,374244
"6633044",53.133472,-3.28391,314199,360360
"6633045",53.088383,-3.293632,313458,355356
"6633050",53.113965,-3.31841,311851,358232
"6633057",53.143059,-3.428967,304516,361610
"6633061",53.061536,-3.19968,319700,352260
"6633062",53.258528,-3.454492,303070,374489
"6633315",53.313801,-3.475299,301809,380666
"6633316",53.22402,-3.422929,305099,370608
"6634003",53.319976,-3.475348,301820,381353
"6634014",53.326539,-3.406864,306396,381991
"6634020",53.255076,-3.438185,304150,374083
"6634026",53.185479,-3.408018,306010,366301
"6634027",52.973792,-3.170338,321507,342467
"6634031",53.114591,-3.297661,313241,358276
"6634601",53.314463,-3.477694,301651,380743
"6635901",53.198793,-3.404982,306242,367778
"6637000",53.311197,-3.480118,301482,380383
"6637010",53.185112,-3.409398,305917,366262
"6642002",53.278208,-3.189244,320800,376351
"6642003",53.265881,-3.168585,322155,374957
"6642004",53.167523,-3.082618,327723,363925
"6642012",53.19017,-3.066336,328849,366428
"6642013",53.32562,-3.304208,313231,381759
"6642015",53.246381,-3.133405,324467,372750
"6642018",53.28899,-3.213771,319185,377578
"6642021",53.328708,-3.309557,312881,382109
"6642024",53.115018,-3.033622,330914,358036
"6642026",53.231762,-3.245351,316969,371248
"6642028",53.162415,-3.146208,323463,363423
"6642032",53.202308,-3.097777,326769,367810
"6642040",53.178373,-2.922073,338471,364982
"6642041",53.213553,-3.011554,332546,368977
"6642043",53.190446,-3.133799,324342,366528
"6642044",53.307813,-3.324527,311841,379803
"6642046",53.308514,-3.262337,315986,379806
"6642049",53.280111,-3.254332,316464,376637
"6642050",53.213471,-3.177895,321438,369137
"6642051",53.114967,-3.118052,325263,358115
"6642052",53.216877,-3.064393,329023,369397
"6642053",53.198289,-3.012646,332449,367280
"6642056",53.157136,-3.17046,321832,362862
"6642061",53.206662,-3.02575,331587,368223
"6642062",53.166386,-3.139014,323951,363857
"6642063",53.171045,-3.072653,328395,364307
"6642064",53.179315,-3.233506,317659,365400
"6642065",53.262698,-3.231122,317978,374673
"6642068",53.167599,-3.149308,323265,364003
"6642077",53.22103,-3.069424,328694,369864
"6642078",53.177772,-2.94525,336921,364936
"6642081",53.171864,-3.191013,320485,364523
"6642082",53.275341,-3.226446,318314,376074
"6642084",53.100533,-3.034171,330854,356425
"6642085",53.169236,-3.089947,327236,364123
"6642086",53.205634,-3.070104,328623,368152
"6642089",53.172027,-3.053498,329677,364397
"6642091",53.246124,-3.151801,323239,372741
"6642092",53.129598,-3.089332,327210,359713
"6642093",53.191985,-3.045142,330268,366609
"6642094",53.208523,-3.134801,324307,368540
"6642237",53.338149,-3.355955,309811,383217
"6642257",53.246082,-3.126053,324957,372709
"6642266",53.114967,-3.118052,325263,358115
"6642267",53.173506,-3.111345,325813,364620
"6642268",53.166502,-2.98566,334203,363718
"6642269",53.214677,-3.053735,329731,369142
"6642270",53.152392,-3.041488,330448,362201
"6642271",53.208614,-3.04634,330215,368460
"6642272",53.289183,-3.206186,319691,377591
"6643002",53.216519,-3.250225,316614,369558
"6643303",53.243072,-3.304064,313073,372576
"6643306",53.241773,-3.129267,324735,372233
"6643307",53.275341,-3.226446,318314,376074
"6643308",53.170011,-3.135938,324163,364257
"6643311",53.17821,-2.926902,338148,364968
"6643312",53.207816,-3.040975,330572,368366
"6643316",53.306872,-3.368081,308937,379753
"6643320",53.302301,-3.293487,313898,379152
"6643330",53.203463,-3.039088,330691,367880
"6643331",53.158302,-3.043082,330351,362860
"6643332",53.139487,-3.149544,323199,360876
"6643333",53.184821,-3.023373,331711,365791
"6644000",53.189685,-3.044008,330340,366352
"6644006",53.161056,-3.140802,323822,363266
"6644011",53.171887,-3.083162,327694,364411
"6644012",53.289183,-3.206186,319691,377591
"6644013",53.177899,-2.938251,337389,364943
"6644017",53.118237,-3.034835,330838,358396
"6644018",53.162726,-3.140024,323877,363451
"6644021",53.239167,-3.136705,324234,371951
"6644022",53.223396,-3.076118,328251,370134
"6644042",53.17478,-3.109702,325925,364760
"6644600",53.241773,-3.129267,324735,372233
"6645200",53.143394,-3.004866,332883,361165
"6647020",53.246381,-3.133405,324467,372750
"6647021",53.239019,-3.133405,324454,371931
"6651007",53.045687,-2.97149,334968,350266
"6652076",53.089728,-2.959043,335868,355153
"6652137",52.963185,-3.087227,327070,341199
"6652138",52.978224,-3.107756,325717,342893
"6652139",52.93303,-3.184459,320484,337948
"6652140",52.88428,-3.256055,315577,332607
"6652143",52.931359,-3.146817,323011,337721
"6652149",52.98007,-3.078148,327708,343068
"6652151",52.970933,-3.073155,328028,342047
"6652160",52.988226,-3.036446,330521,343935
"6652162",52.970933,-3.073155,328028,342047
"6652173",53.050276,-2.987332,333913,350790
"6652176",53.064338,-3.037721,330558,352402
"6652178",53.072249,-3.091943,326938,353336
"6652179",53.061822,-3.049822,329743,352134
"6652187",53.072621,-3.043204,330204,353329
"6652191",53.055229,-2.995979,333341,351349
"6652200",53.030696,-3.024626,331382,348647
"6652204",53.021741,-2.953389,336146,347585
"6652208",53.067694,-2.97788,334573,352719
"6652209",53.063268,-2.994553,333449,352242
"6652224",53.052183,-3.067326,328554,351079
"6652232",53.00365,-2.908001,339165,345533
"6652235",53.078799,-2.883234,340930,353872
"6652238",53.035197,-2.985556,334009,349111
"6652259",53.007533,-3.06311,328763,346108
"6652263",53.05829,-3.005062,332737,351699
"6652266",53.052794,-3.062299,328892,351142
"6652267",53.058399,-3.034206,330784,351738
"6652268",53.072735,-3.024146,331481,353323
"6652269",53.047427,-2.971738,334954,350459
"6652270",53.039009,-2.971116,334983,349522
"6652271",53.096433,-2.99723,333321,355934
"6652272",52.979061,-3.061069,328853,342939
"6652273",53.014692,-3.058754,329067,346900
"6652274",53.071627,-3.015791,332039,353192
"6652275",52.999557,-3.062407,328797,345220
"6652276",53.062235,-2.985621,334046,352119
"6652277",53.041405,-3.001105,332976,349816
"6652278",52.938025,-3.052045,329392,338365
"6652279",53.078163,-3.01699,331969,353920
"6652280",53.00773,-3.041921,330185,346109
"6652281",53.059667,-2.971237,335006,351820
"6653028",53.110686,-2.941687,337061,357469
"6653036",52.960625,-3.060216,328880,340888
"6653042",52.998771,-2.987855,333799,345062
"6653054",52.992405,-2.826614,344612,344216
"6653055",53.042033,-2.994795,333400,349880
"6653301",52.949661,-2.766086,348624,339416
"6653305",52.955236,-2.880043,340975,340124
"6653326",52.952517,-2.813871,345417,339770
"6653334",53.043799,-2.996432,333293,350078
"6653337",53.058324,-3.084086,327441,351779
"6653338",53.086242,-2.977614,334619,354782
"6653341",52.986464,-3.038475,330382,343740
"6653342",53.078571,-3.054783,329438,354002
"6653343",53.045687,-2.97149,334968,350266
"6653346",52.971334,-2.933442,337411,341961
"6653347",53.038938,-2.895603,340046,349448
"6654029",53.014663,-3.055996,329252,346894
"6654032",53.050907,-2.969638,335100,350845
"6654033",53.07376,-3.025111,331418,353438
"6654034",53.1135,-2.939418,337217,357781
"6654044",52.988598,-3.048298,329726,343987
"6654048",53.054938,-2.973503,334847,351296
"6654049",53.04307,-3.01142,332287,350011
"6654603",53.035204,-2.994474,333411,349120
"6655401",52.955236,-2.880043,340975,340124
"6657005",53.036613,-2.989301,333760,349272
"6662002",52.544033,-3.237426,316180,294739
"6662003",52.732634,-3.101652,325708,315568
"6662004",52.692328,-3.470577,300706,311530
"6662005",52.60228,-3.205651,318443,301181
"6662008",52.519944,-3.424295,303455,292293
"6662009",52.556753,-3.534203,296085,296540
"6662010",52.778645,-3.097728,326051,320682
"6662018",52.647073,-3.124477,324018,306075
"6662019",52.611363,-3.629027,289794,302755
"6662020",52.485277,-3.43531,302631,288452
"6662021",52.650675,-3.324295,310507,306705
"6662033",52.711499,-3.254918,315318,313387
"6662040",52.519459,-3.316291,310782,292100
"6662041",52.698209,-3.324934,310561,311993
"6662044",52.504695,-3.518,297062,290727
"6662048",52.512439,-3.317747,310669,291321
"6662049",52.69568,-3.155527,322004,311515
"6662050",52.443478,-3.544579,295112,283956
"6662051",52.687977,-3.075539,327397,310574
"6662053",52.730712,-3.006307,332143,315260
"6662054",52.539848,-3.077029,327050,294099
"6662056",52.512439,-3.317747,310669,291321
"6662057",52.762347,-3.2688,314480,319059
"6662058",52.625205,-3.739906,282324,304470
"6662059",52.80938,-3.345819,309381,324385
"6662060",52.506386,-3.324154,310222,290656
"6662062",52.511502,-3.308214,311314,291205
"6662066",52.196316,-3.29171,311808,256128
"6662068",52.350138,-3.309081,310930,273258
"6662070",52.239442,-3.372442,306381,261026
"6662071",52.297796,-3.237998,315672,267351
"6662075",52.268394,-3.020319,330470,263850
"6662076",52.239017,-3.150688,321522,260715
"6662077",52.273816,-3.330888,309289,264797
"6662079",51.949043,-3.390214,304549,228751
"6662080",51.949875,-3.388333,304680,228841
"6662084",52.107624,-3.639805,287794,246745
"6662089",52.147124,-3.408872,303694,250806
"6662092",51.946346,-3.569021,292254,228701
"6662113",51.86423,-3.139979,321599,219019
"6662115",51.965447,-3.433399,301617,230633
"6662116",52.072429,-3.126751,322869,242161
"6662117",51.86687,-3.230471,315373,219414
"6662122",52.134818,-3.528471,295482,249603
"6662125",51.944893,-3.400517,303832,228303
"6662127",51.952539,-3.38194,305125,229129
"6662129",52.578759,-3.334862,309644,298719
"6662146",52.822212,-3.2946,312859,325749
"6662147",52.845134,-3.175635,320917,328161
"6662148",52.508495,-3.31884,310587,290884
"6662149",51.801842,-3.715443,281812,212858
"6662150",51.78312,-3.74744,279556,210828
"6662151",51.765797,-3.770567,277914,208940
"6662152",51.774089,-3.781792,277162,209881
"6662153",52.001086,-3.232452,315489,234344
"6662154",52.663756,-3.151272,322235,307959
"6663000",52.774219,-3.201859,319019,320302
"6663002",52.562879,-3.145515,322446,296732
"6663016",52.601938,-3.141263,322803,301072
"6663021",52.761393,-3.084016,326947,318749
"6663022",52.640951,-3.23809,316320,305520
"6663026",52.188772,-3.124975,323191,255099
"6663030",52.2461,-3.376647,306108,261772
"6663031",52.212551,-3.44023,301693,258125
"6663033",52.0811,-3.151612,321180,243152
"6663035",52.341238,-3.043529,329003,271974
"6663036",52.315072,-3.50752,297333,269621
"6663037",52.156264,-3.39482,304675,251804
"6663046",52.81203,-3.22311,317657,324532
"6663050",51.941081,-3.265539,313102,227709
"6663051",52.656378,-3.143568,322743,307130
"6663301",52.501799,-3.256215,314824,290063
"6663303",52.774982,-3.153123,322308,320333
"6663316",51.876721,-3.10681,323904,220373
"6663317",52.036889,-3.272427,312815,238373
"6663318",51.952302,-3.39142,304473,229115
"6663320",52.515653,-3.323015,310318,291685
"6663322",51.853202,-3.147831,321039,217801
"6664000",52.650948,-3.326446,310362,306738
"6664001",52.762347,-3.2688,314480,319059
"6664002",52.443478,-3.544579,295112,283956
"6664011",52.508495,-3.31884,310587,290884
"6664013",52.665578,-3.13671,323223,308146
"6664021",51.768989,-3.767547,278131,209290
"6664022",51.952539,-3.38194,305125,229129
"6664023",52.029643,-3.205723,317377,237489
"6664024",51.860993,-3.140884,321531,218660
"6664025",52.151224,-3.40735,303807,251260
"6665200",52.673087,-3.43402,303134,309340
"6665500",52.58944,-3.854198,274486,300685
"6667001",52.495155,-3.251916,315103,289319
"6667002",52.506386,-3.324154,310222,290656
"6667004",51.943366,-3.38899,304621,228118
"6672281",52.240959,-4.263714,245533,262722
"6672284",52.21896,-4.16872,251945,260077
"6672285",52.208874,-4.19478,250131,259009
"6672288",52.181023,-4.216579,248547,255957
"6672289",52.17599,-4.143447,253530,255247
"6672291",52.191583,-4.308258,242317,257327
"6672293",52.280237,-4.176184,251640,266907
"6672295",52.210874,-4.358135,238978,259582
"6672298",52.13512,-4.300924,242619,251032
"6672299",52.410235,-4.070936,259233,281154
"6672303",52.422005,-4.039368,261417,282402
"6672308",52.377282,-4.076825,258727,277501
"6672309",52.366653,-3.962933,266447,276102
"6672310",52.315973,-4.057156,259872,270644
"6672311",52.356727,-4.021014,262462,275107
"6672312",52.371253,-3.856913,273678,276423
"6672313",52.405451,-3.983973,265133,280456
"6672314",52.399793,-4.06887,259340,279989
"6672315",52.411714,-3.840866,274885,280895
"6672316",52.45679,-4.017558,263008,286229
"6672317",52.48722,-3.981716,265536,289546
"6672319",52.132883,-4.547382,225745,251347
"6672320",52.086685,-4.499671,228833,246096
"6672323",52.068373,-4.609085,221265,244324
"6672324",52.106138,-4.591977,222587,248481
"6672345",52.053203,-4.498092,228813,242369
"6672353",52.285969,-3.860968,273158,266945
"6672361",52.410235,-4.070936,259233,281154
"6672362",52.478067,-4.053888,260607,288665
"6672363",52.438165,-3.994976,264485,284115
"6672366",52.154543,-4.042203,260385,252662
"6672367",52.047173,-4.528646,226695,241771
"6672368",52.08447,-4.65635,218091,246231
"6672369",52.172527,-4.343425,239845,255285
"6672371",52.134651,-4.439407,233141,251290
"6672372",52.283719,-3.99275,264163,266934
"6672373",52.091278,-4.183032,250540,245907
"6673058",52.311105,-4.142797,254019,270272
"6673318",52.4134,-4.074482,259002,281513
"6674042",52.239479,-4.255524,246087,262540
"6674044",52.087754,-4.655888,218136,246595
"6674047",52.415768,-4.059402,260035,281747
"6674048",52.409661,-4.067597,259458,281084
"6675500",52.111976,-4.081267,257577,248004
"6675501",52.217399,-3.939945,267567,259461
"6675502",52.054226,-4.328796,240423,242097
"6682203",51.694994,-4.816841,205420,203339
"6682209",52.013284,-4.707948,214261,238446
"6682212",52.003347,-5.001911,194046,238134
"6682214",51.799863,-4.979648,194647,215446
"6682220",51.754339,-4.992102,193581,210420
"6682222",51.666184,-4.870792,201566,200281
"6682223",51.858488,-4.72802,212238,221285
"6682228",51.760995,-4.929838,197907,210985
"6682231",51.969456,-4.868292,203067,233995
"6682233",51.913721,-4.789509,208240,227587
"6682242",51.801678,-4.733364,211633,214982
"6682243",52.017088,-4.832419,205737,239195
"6682250",51.930708,-4.901344,200625,229777
"6682253",52.082699,-4.680942,216399,246096
"6682254",51.899841,-4.970665,195720,226537
"6682258",51.712986,-4.699894,213575,205034
"6682260",51.733111,-4.712478,212789,207304
"6682261",51.775686,-4.735068,211407,212096
"6682266",51.781768,-4.641,217920,212533
"6682270",51.929309,-5.161942,182706,230368
"6682271",51.778303,-5.100549,186211,213397
"6682273",51.850674,-5.090924,187216,221415
"6682384",51.722372,-5.135936,183503,207283
"6682385",51.967037,-4.57596,223135,232974
"6682386",51.690645,-4.935231,197220,203178
"6682387",51.674417,-4.92634,197762,201349
"6682388",51.672305,-4.910365,198857,201070
"6682389",51.995093,-4.981967,195377,237160
"6682390",51.971612,-4.647802,218219,233660
"6682391",51.808873,-4.961222,195958,216396
"6682392",51.686661,-4.953147,195964,202785
"6682393",51.710574,-4.949277,196339,205433
"6682395",51.675427,-4.716753,212255,200901
"6682396",51.715728,-5.030855,190728,206237
"6682397",51.800049,-4.975164,194957,215454
"6683035",52.055719,-4.635956,219372,242983
"6683036",51.696484,-4.897155,199877,203722
"6683040",51.750669,-4.914693,198906,209795
"6683042",51.65822,-4.793822,206854,199189
"6683050",51.869799,-4.947544,197175,223132
"6683055",51.676908,-4.777599,208055,201224
"6683058",51.926778,-4.998193,193950,229610
"6683059",51.675427,-4.716753,212255,200901
"6683060",51.665532,-4.953369,195854,200436
"6683061",51.714613,-5.055105,189048,206183
"6683311",51.996906,-4.982146,195373,237362
"6683312",51.687385,-4.941517,196771,202833
"6683313",51.795501,-4.97717,194798,214954
"6683314",51.718181,-5.033017,190590,206516
"6683315",51.826515,-4.875568,201939,218121
"6683319",51.674232,-4.704632,213088,200737
"6683320",51.789809,-4.971621,195155,214306
"6683321",51.721167,-4.77416,208480,206136
"6684031",51.996412,-4.988189,194956,237324
"6684035",51.674675,-4.715061,212369,200813
"6684038",51.685372,-4.923203,198028,202558
"6684063",51.724201,-5.023153,191299,207157
"6684064",51.971612,-4.647802,218219,233660
"6684512",51.797515,-4.981452,194512,215190
"6685500",51.821249,-4.959975,196100,217769
"6685900",51.881317,-5.256785,175948,225320
"6687001",51.798375,-4.982292,194458,215288
"6691000",51.793288,-3.985914,263138,212380
"6692000",51.804441,-4.100096,255300,213841
"6692001",51.802077,-4.129038,253297,213636
"6692002",51.830707,-4.08245,256600,216727
"6692003",51.785054,-4.108068,254688,211701
"6692006",51.788795,-4.119516,253911,212140
"6692007",51.802826,-4.075005,257025,213612
"6692008",51.798848,-4.090974,255911,213201
"6692009",51.817018,-4.347904,238261,215761
"6692014",51.893499,-4.271492,243793,224099
"6692018",51.788264,-4.195988,248635,212237
"6692019",51.766014,-4.225641,246514,209825
"6692020",51.737041,-4.229944,246119,206612
"6692023",51.752088,-4.210778,247493,208245
"6692024",51.761064,-4.205478,247889,209232
"6692034",51.835541,-4.434184,232384,218016
"6692037",51.859958,-4.478871,229398,220835
"6692042",51.789132,-4.034336,259786,212010
"6692043",51.787137,-3.98475,263200,211694
"6692044",51.776765,-4.022009,260598,210611
"6692050",51.787714,-3.995398,262467,211778
"6692052",51.805882,-4.022557,260650,213850
"6692057",51.754376,-4.050943,258532,208177
"6692061",51.875312,-3.991939,262972,221513
"6692065",51.973201,-3.981226,264006,232379
"6692067",51.888062,-4.101014,255505,223142
"6692080",51.938662,-3.877588,271025,228349
"6692084",51.998409,-3.796019,276796,234852
"6692098",51.819357,-4.612059,220066,216641
"6692104",52.006117,-4.363511,237869,236824
"6692109",51.937069,-4.300578,241945,229007
"6692112",51.748692,-4.277409,242882,208009
"6692114",51.850889,-4.329126,239676,219486
"6692116",51.861234,-4.311622,240918,220598
"6692119",51.753641,-4.524597,225840,209121
"6692120",51.685892,-4.109664,254259,200677
"6692121",51.675228,-4.104076,254611,199480
"6692123",51.69041,-4.137798,252329,201236
"6692128",51.727836,-4.190117,248838,205505
"6692131",51.714363,-4.05026,258454,203726
"6692135",51.688922,-4.178139,249536,201153
"6692159",51.686539,-4.162081,250638,200855
"6692166",51.771077,-4.389227,235246,210745
"6692167",51.758107,-4.11442,254163,208717
"6692168",51.682207,-4.119408,253574,200287
"6692169",51.814218,-3.862529,271706,214483
"6692170",51.88279,-4.413196,234004,223222
"6692171",51.861686,-4.311964,240896,220649
"6692173",51.8513,-4.300919,241620,219470
"6692175",51.718372,-4.242258,245205,204562
"6692176",51.705861,-4.137688,252387,202954
"6692177",51.685314,-4.256335,244119,200916
"6692178",51.685825,-4.273215,242954,201009
"6692179",51.793288,-3.985914,263138,212380
"6692180",51.895766,-4.711031,213562,225387
"6692181",51.823335,-4.010487,261536,215768
"6692182",51.945811,-4.500208,228257,230432
"6692183",51.887251,-3.989419,263182,222836
"6692184",52.073119,-4.14965,252767,243820
"6692185",51.887251,-3.989419,263182,222836
"6692187",51.923348,-4.36803,237259,227630
"6692188",51.685255,-4.136962,252370,200661
"6692189",51.68831,-4.204594,247706,201140
"6692190",51.688451,-4.147067,251682,201037
"6692192",51.737151,-4.302529,241108,206780
"6692193",51.800873,-4.049557,258773,213345
"6692194",51.869519,-4.189777,249335,221260
"6692370",51.735712,-4.311262,240500,206639
"6692371",51.688451,-4.147067,251682,201037
"6692373",51.780014,-4.174942,250059,211276
"6692374",51.677463,-4.155385,251071,199832
"6692375",51.681929,-4.147713,251616,200313
"6692379",52.037939,-4.471795,230558,240610
"6692380",51.860017,-4.299853,241724,220437
"6692384",51.823393,-4.489164,228550,216793
"6692385",51.803799,-4.241477,245551,214060
"6692386",52.098714,-4.061727,258873,246491
"6692387",52.004415,-4.264328,244670,236418
"6692388",51.80511,-3.905132,268743,213546
"6692389",51.879506,-4.593633,221574,223284
"6692390",51.680001,-4.116695,253754,200036
"6692391",51.696509,-4.142615,252016,201924
"6692392",51.793288,-3.985914,263138,212380
"6692393",51.6712,-4.147249,251613,199119
"6692394",51.687431,-4.253359,244332,201145
"6692395",51.676817,-4.166521,250299,199783
"6692396",51.70085,-4.078065,256491,202278
"6693000",51.866597,-4.269917,243808,221104
"6693002",51.751064,-4.572541,222521,208950
"6693003",51.767608,-4.467834,229810,210540
"6693004",51.825347,-4.167026,250755,216301
"6693013",51.768713,-4.368259,236684,210435
"6693026",52.030987,-4.207063,248690,239252
"6693300",51.687769,-4.134679,252536,200936
"6693301",51.856482,-4.319141,240384,220086
"6693307",52.018211,-4.399566,235439,238250
"6693321",51.684378,-4.168575,250182,200628
"6693322",51.859697,-4.327571,239814,220462
"6694029",51.79597,-3.985785,263155,212678
"6694050",51.67905,-4.145798,251739,199989
"6694052",51.686726,-4.182128,249253,200917
"6694053",51.685314,-4.256335,244119,200916
"6694054",51.694362,-4.137565,252358,201675
"6694056",51.835798,-4.310971,240873,217768
"6694060",52.034511,-4.470629,230625,240226
"6694063",51.8463,-4.320628,240245,218957
"6694064",51.802976,-4.09044,255961,213659
"6694065",51.87396,-4.004794,262083,221387
"6694512",51.822032,-4.616335,219782,216949
"6694600",51.687769,-4.134679,252536,200936
"6697000",51.691646,-4.154337,251190,201407
"6697010",51.847239,-4.322244,240137,219065
"6702006",51.612798,-3.971177,263612,192281
"6702008",51.647051,-3.982897,262904,196112
"6702014",51.678747,-3.930719,266607,199540
"6702017",51.621315,-3.915177,267514,193125
"6702021",51.640249,-3.973495,263534,195338
"6702023",51.68848,-3.879483,270177,200530
"6702027",51.581311,-4.004831,261186,188843
"6702032",51.634299,-3.940983,265766,194616
"6702036",51.665213,-3.899271,268742,197978
"6702040",51.662892,-3.920371,267276,197758
"6702042",51.575503,-4.003204,261281,188194
"6702048",51.639334,-3.920763,267180,195139
"6702051",51.649211,-3.934248,266276,196262
"6702054",51.625089,-3.996315,261909,193695
"6702055",51.615279,-3.954009,264808,192525
"6702059",51.62344,-3.954808,264777,193434
"6702063",51.627723,-3.963806,264167,193927
"6702065",51.64071,-4.026672,259856,195490
"6702067",51.633183,-3.945935,265420,194501
"6702069",51.645102,-3.96512,264128,195862
"6702071",51.685431,-3.907437,268236,200241
"6702073",51.664047,-3.945262,265558,197932
"6702075",51.649517,-3.971358,263710,196365
"6702076",51.591162,-4.010164,260847,189949
"6702077",51.647003,-3.907066,268150,195967
"6702082",51.65461,-3.974018,263541,196936
"6702084",51.657277,-3.893809,269097,197086
"6702086",51.615593,-3.997342,261809,192641
"6702092",51.575894,-4.013973,260536,188258
"6702095",51.581861,-4.017384,260318,188928
"6702096",51.622252,-4.014971,260609,193415
"6702098",51.614005,-3.968677,263789,192411
"6702105",51.582251,-4.051899,257928,189038
"6702108",51.663485,-4.072998,256723,198113
"6702109",51.613175,-4.029273,259591,192433
"6702117",51.715866,-3.918185,267582,203645
"6702120",51.627554,-4.06686,257034,194105
"6702133",51.708301,-3.971492,263877,202902
"6702157",51.672661,-3.955919,264847,198910
"6702159",51.607816,-4.171408,249733,192120
"6702167",51.641554,-4.109736,254112,195747
"6702172",51.689287,-4.035541,259393,200909
"6702174",51.674273,-4.001327,261712,199174
"6702176",51.675048,-4.050205,258335,199354
"6702186",51.712482,-4.028592,259945,203475
"6702189",51.713012,-4.032632,259668,203542
"6702192",51.693216,-4.010497,261136,201298
"6702211",51.665606,-4.059973,257630,198323
"6702212",51.662301,-4.041734,258881,197920
"6702215",51.697431,-3.904932,268444,201571
"6702216",51.575638,-4.08325,255735,188364
"6702217",51.578944,-4.211642,246850,188993
"6702219",51.624995,-4.043526,258641,193775
"6702223",51.665213,-4.043875,258742,198248
"6702225",51.656974,-3.88548,269672,197037
"6702226",51.682022,-3.91997,267360,199885
"6702229",51.641898,-4.013038,260803,195596
"6702231",51.658294,-3.954342,264913,197309
"6702232",51.700743,-3.894567,269170,201921
"6702233",51.632593,-3.980634,263017,194500
"6702234",51.627851,-3.951819,264997,193919
"6702235",51.585331,-4.0043,261235,189289
"6702236",51.668072,-3.876426,270330,198255
"6702237",51.622505,-4.02274,260072,193458
"6702238",51.649234,-3.949181,265243,196292
"6702239",51.62406,-3.924914,266848,193448
"6702240",51.651372,-4.045311,258600,196712
"6702241",51.668718,-3.923756,267059,198412
"6702242",51.664228,-3.932097,266469,197928
"6702243",51.638102,-3.955385,264781,195066
"6702244",51.696019,-3.895539,269089,201397
"6702245",51.646617,-3.912022,267806,195933
"6702246",51.671088,-4.039555,259059,198893
"6702247",51.643238,-3.944227,265568,195616
"6703303",51.581311,-4.004831,261186,188843
"6703305",51.640702,-3.915762,267530,195282
"6703306",51.613402,-3.957121,264587,192322
"6703308",51.696889,-3.88112,270088,201468
"6703309",51.631372,-3.943965,265551,194296
"6704031",51.64466,-3.904948,268290,195703
"6704032",51.618792,-4.005414,261260,193012
"6704033",51.681696,-3.926683,266895,199861
"6704043",51.637901,-3.941238,265759,195017
"6704044",51.615242,-3.988357,262430,192585
"6704062",51.674735,-4.041353,258946,199302
"6704063",51.642587,-4.036151,259206,195717
"6704069",51.584737,-4.048084,258200,189307
"6704072",51.71739,-4.033864,259596,204031
"6704074",51.645898,-4.039176,259007,196091
"6704075",51.67105,-3.871834,270656,198578
"6704076",51.633091,-3.983112,262847,194560
"6704078",51.651023,-3.959844,264511,196511
"6704600",51.66122,-3.935685,266212,197600
"6707000",51.659796,-3.941827,265783,197453
"6707008",51.628455,-3.942511,265643,193969
"6712100",51.716033,-3.845419,272609,203534
"6712101",51.765677,-3.711665,281978,208830
"6712106",51.733897,-3.642456,286674,205186
"6712110",51.677621,-3.815825,274547,199211
"6712119",51.618086,-3.808059,274920,192577
"6712128",51.797855,-3.819899,274599,212589
"6712129",51.732772,-3.746959,279455,205228
"6712134",51.629666,-3.863946,271084,193962
"6712137",51.74708,-3.622033,288117,206620
"6712138",51.651451,-3.651589,285836,196031
"6712140",51.74727,-3.807956,275283,206943
"6712142",51.584684,-3.768236,277587,188795
"6712144",51.658222,-3.800549,275550,197028
"6712148",51.679513,-3.626661,287630,199113
"6712149",51.79304,-3.87507,270781,212150
"6712150",51.674169,-3.796509,275873,198794
"6712155",51.77637,-3.664859,285235,209944
"6712158",51.59952,-3.820086,274036,190533
"6712161",51.595715,-3.797454,275593,190071
"6712168",51.661504,-3.797946,275739,197388
"6712173",51.644389,-3.635116,286958,195220
"6712175",51.590893,-3.808654,274804,189554
"6712178",51.728356,-3.840071,273013,204895
"6712181",51.673807,-3.778301,277131,198723
"6712187",51.709142,-3.694044,283048,202514
"6712191",51.620993,-3.79682,275706,192881
"6712200",51.713421,-3.828449,273774,203214
"6712202",51.765677,-3.711665,281978,208830
"6712203",51.732497,-3.860861,271589,205392
"6712205",51.74708,-3.622033,288117,206620
"6712206",51.791163,-3.862493,271643,211919
"6712208",51.710413,-3.863674,271332,202941
"6712218",51.724882,-3.85263,272136,204531
"6712221",51.670641,-3.818887,274316,198440
"6712230",51.680449,-3.781512,276927,199467
"6712231",51.643377,-3.821148,274084,195412
"6712232",51.548517,-3.703876,281952,184667
"6712233",51.660005,-3.844139,272540,197301
"6712234",51.65574,-3.59772,289573,196425
"6712235",51.596931,-3.810713,274678,190229
"6712236",51.652758,-3.785023,276609,196394
"6712237",51.613974,-3.763021,278027,192044
"6712238",51.591004,-3.777302,276976,189513
"6712239",51.661622,-3.835023,273175,197465
"6712240",51.65177,-3.813997,274602,196333
"6712241",51.642975,-3.814297,274557,195356
"6713309",51.65392,-3.798715,275665,196546
"6713310",51.594556,-3.789412,276147,189929
"6713311",51.685431,-3.817874,274427,200083
"6713313",51.662105,-3.801541,275492,197461
"6713314",51.599261,-3.815946,274322,190497
"6713316",51.599126,-3.796087,275697,190448
"6714047",51.651124,-3.648657,286038,195990
"6714064",51.650606,-3.775455,277265,196138
"6714065",51.717606,-3.850058,272293,203717
"6714066",51.678467,-3.78586,276621,199254
"6714067",51.665947,-3.813088,274704,197908
"6714601",51.599896,-3.794514,275808,190531
"6715500",51.610151,-3.819648,274096,191715
"6715501",51.763289,-3.785758,276859,208687
"6715502",51.572433,-3.751093,278742,187404
"6717006",51.687798,-3.819473,274323,200349
"6717008",51.687798,-3.819473,274323,200349
"6722046",51.595414,-3.478182,297706,189542
"6722051",51.567361,-3.588112,290024,186582
"6722055",51.623819,-3.587699,290189,192860
"6722086",51.551627,-3.579934,290553,184820
"6722090",51.509265,-3.602461,288888,180143
"6722103",51.531633,-3.650766,285592,182705
"6722109",51.527438,-3.565242,291514,182108
"6722117",51.593303,-3.643011,286284,189551
"6722122",51.609804,-3.581462,290587,191292
"6722129",51.60009,-3.64057,286470,190302
"6722146",51.507672,-3.526508,294155,179853
"6722149",51.587151,-3.635398,286796,188855
"6722172",51.619809,-3.662993,284967,192530
"6722178",51.618452,-3.537663,293640,192189
"6722185",51.482375,-3.692307,282584,177293
"6722194",51.483511,-3.706348,281612,177442
"6722220",51.508948,-3.57487,290802,180067
"6722227",51.529662,-3.691913,282733,182551
"6722232",51.610303,-3.65882,285232,191467
"6722256",51.504362,-3.622259,287502,179628
"6722259",51.604573,-3.660228,285120,190832
"6722275",51.577091,-3.56536,291624,187630
"6722279",51.520091,-3.502651,295839,181200
"6722288",51.522309,-3.704166,281864,181753
"6722292",51.511214,-3.598652,289157,180354
"6722296",51.486332,-3.690985,282686,177731
"6722298",51.513189,-3.567636,291314,180527
"6722300",51.513713,-3.590799,289708,180620
"6722301",51.491763,-3.705317,281705,178358
"6722304",51.526027,-3.703414,281926,182166
"6722342",51.541136,-3.599658,289160,183683
"6722358",51.522309,-3.704166,281864,181753
"6722363",51.56822,-3.58908,289959,186679
"6722367",51.503108,-3.601596,288933,179457
"6722368",51.542485,-3.572363,291056,183792
"6722369",51.604802,-3.541736,293326,190677
"6722370",51.528392,-3.496451,296288,182115
"6722371",51.501806,-3.577619,290594,179276
"6722372",51.509139,-3.56388,291565,180071
"6722373",51.633429,-3.65303,285691,194029
"6722374",51.522505,-3.577803,290631,181579
"6722375",51.508647,-3.552176,292376,179999
"6722376",51.533029,-3.681008,283498,182908
"6723013",51.526041,-3.596764,289324,182000
"6723311",51.605972,-3.654559,285516,190978
"6723315",51.535818,-3.596084,289395,183087
"6723322",51.50907,-3.586386,290003,180097
"6723323",51.509171,-3.547309,292715,180051
"6724059",51.527916,-3.678859,283634,182336
"6724068",51.517145,-3.594378,289468,181007
"6724071",51.612088,-3.654075,285565,191658
"6724076",51.519466,-3.50165,295907,181129
"6724078",51.497931,-3.577586,290587,178845
"6724080",51.480175,-3.710645,281305,177078
"6724085",51.584456,-3.630639,287119,188548
"6724086",51.546667,-3.586987,290052,184279
"6724601",51.507939,-3.558119,291962,179929
"6727003",51.498781,-3.574532,290801,178935
"6727012",51.552037,-3.567457,291419,184847
"6731011",51.44222,-3.190281,317370,172141
"6731013",51.43865,-3.178765,318164,171731
"6732109",51.441721,-3.171928,318645,172065
"6732111",51.395207,-3.274275,311442,167011
"6732114",51.442925,-3.188176,317518,172217
"6732115",51.421374,-3.276757,311320,169924
"6732117",51.440087,-3.185109,317726,171898
"6732118",51.404055,-3.275196,311395,167996
"6732120",51.402617,-3.278405,311169,167840
"6732122",51.407117,-3.262255,312301,168321
"6732124",51.41126,-3.26247,312294,168782
"6732126",51.4242,-3.365148,305180,170349
"6732127",51.434533,-3.435778,300292,171592
"6732128",51.489689,-3.485,296995,177794
"6732131",51.417356,-3.239816,313881,169433
"6732133",51.388997,-3.351841,306033,166417
"6732136",51.405258,-3.216111,315507,168060
"6732138",51.436959,-3.180525,318039,171545
"6732144",51.40188,-3.412989,301806,167930
"6732146",51.409502,-3.484586,296843,168876
"6732148",51.429772,-3.182564,317884,170748
"6732149",51.449058,-3.196034,316983,172908
"6732151",51.460131,-3.44624,299621,174453
"6732152",51.441135,-3.196172,316959,172027
"6732156",51.402617,-3.278405,311169,167840
"6732163",51.416742,-3.267741,311938,169398
"6732165",51.458694,-3.443863,299783,174290
"6732178",51.404638,-3.277729,311220,168064
"6732179",51.416742,-3.267741,311938,169398
"6732181",51.414868,-3.249728,313187,169168
"6732182",51.399777,-3.287206,310551,167535
"6732184",51.405208,-3.477143,297351,168388
"6732185",51.437022,-3.20966,316014,171585
"6732186",51.405208,-3.477143,297351,168388
"6733037",51.462111,-3.310758,309037,174496
"6733047",51.48061,-3.320174,308420,176565
"6733057",51.447924,-3.2647,312209,172862
"6733320",51.462168,-3.592892,289438,174891
"6733321",51.438238,-3.550119,292353,172166
"6733363",51.475711,-3.359357,305689,176070
"6733364",51.432422,-3.232624,314409,171100
"6733365",51.499203,-3.426327,301089,178771
"6733367",51.471425,-3.526364,294081,175822
"6733368",51.431074,-3.198686,316766,170911
"6733372",51.408209,-3.289916,310379,168476
"6733373",51.408019,-3.266133,312033,168426
"6734060",51.405208,-3.477143,297351,168388
"6734065",51.463358,-3.437575,300230,174800
"6734067",51.437869,-3.19636,316940,171664
"6734068",51.415211,-3.287816,310539,169252
"6734069",51.424678,-3.267284,311985,170280
"6734612",51.423348,-3.239489,313915,170099
"6735400",51.433432,-3.182578,317890,171155
"6735500",51.41321,-3.286595,310620,169028
"6737024",51.437161,-3.197905,316831,171587
"6742044",51.763575,-3.521894,295068,208306
"6742045",51.696877,-3.425228,301594,200753
"6742052",51.619424,-3.435295,300729,192153
"6742053",51.719695,-3.43511,300961,203304
"6742060",51.620833,-3.319097,308776,192158
"6742061",51.538111,-3.464341,298537,183150
"6742066",51.605971,-3.334075,307709,190524
"6742069",51.646818,-3.468392,298499,195245
"6742070",51.704091,-3.436092,300859,201570
"6742072",51.605688,-3.342283,307140,190503
"6742077",51.685162,-3.37611,304964,199385
"6742079",51.571436,-3.425829,301280,186804
"6742083",51.532678,-3.455084,299167,182533
"6742084",51.690495,-3.415421,302258,200030
"6742093",51.712188,-3.448898,299992,202488
"6742102",51.546482,-3.271618,311919,183831
"6742104",51.579473,-3.306801,309545,187543
"6742112",51.660358,-3.450001,299801,196726
"6742118",51.565445,-3.321346,308509,186001
"6742119",51.645862,-3.476541,297933,195150
"6742124",51.544376,-3.378419,304509,183731
"6742127",51.609085,-3.38126,304448,190931
"6742130",51.598408,-3.350601,306549,189704
"6742134",51.719597,-3.474552,298236,203348
"6742137",51.59575,-3.326686,308200,189378
"6742142",51.541223,-3.442436,300063,183466
"6742143",51.62725,-3.459886,299044,193057
"6742144",51.678996,-3.381998,304544,198707
"6742151",51.512676,-3.434156,300575,180280
"6742160",51.521333,-3.391241,303571,181186
"6742161",51.654269,-3.517407,295125,196143
"6742167",51.74294,-3.56118,292308,206068
"6742170",51.735591,-3.507748,295980,205173
"6742180",51.734846,-3.45918,299332,205022
"6742182",51.609132,-3.334427,307691,190876
"6742192",51.674356,-3.370533,305327,198176
"6742196",51.639155,-3.452609,299574,194371
"6742199",51.605074,-3.356575,306149,190453
"6742200",51.638339,-3.434472,300827,194256
"6742206",51.636671,-3.359758,305994,193971
"6742216",51.612483,-3.325138,308341,191237
"6742218",51.66698,-3.366519,305589,197351
"6742221",51.586764,-3.308639,309432,188357
"6742222",51.648494,-3.490228,296992,195462
"6742225",51.621624,-3.329478,308059,192259
"6742228",51.555799,-3.358152,305938,184975
"6742229",51.644817,-3.485931,297281,195047
"6742235",51.71657,-3.46968,298566,203004
"6742243",51.62044,-3.448049,299848,192284
"6742244",51.684655,-3.394683,303679,199353
"6742247",51.621724,-3.342828,307135,192287
"6742250",51.565568,-3.32233,308441,186016
"6742251",51.661302,-3.506162,295919,196909
"6742258",51.599186,-3.436068,300631,189904
"6742263",51.556838,-3.33255,307715,185058
"6742264",51.647636,-3.431315,301066,195285
"6742269",51.58367,-3.41995,301714,188156
"6742272",51.584626,-3.426704,301248,188272
"6742276",51.534902,-3.374255,304778,182672
"6742284",51.61175,-3.398426,303265,191250
"6742287",51.666814,-3.521499,294871,197544
"6742306",51.536178,-3.386621,303923,182830
"6742351",51.52616,-3.37983,304373,181707
"6742356",51.646212,-3.467953,298528,195177
"6742359",51.558606,-3.359548,305847,185289
"6742361",51.658382,-3.450274,299778,196506
"6742362",51.602688,-3.346772,306823,190175
"6742364",51.649128,-3.324038,308491,195311
"6742365",51.642198,-3.484281,297389,194754
"6742367",51.674644,-3.376645,304905,198216
"6742369",51.683329,-3.550651,292894,199423
"6742370",51.582647,-3.468703,298334,188109
"6742371",51.669741,-3.527368,294472,197878
"6742372",51.731642,-3.481016,297817,204696
"6742373",51.644228,-3.440125,300449,194918
"6742374",51.554021,-3.349329,306546,184766
"6742375",51.569769,-3.315829,308900,186475
"6742376",51.669719,-3.362627,305864,197650
"6742378",51.622483,-3.408478,302592,192457
"6742380",51.626895,-3.477428,297829,193042
"6742381",51.720772,-3.457521,299415,203455
"6742382",51.669699,-3.479399,297789,197805
"6742383",51.709173,-3.415961,302261,202108
"6742384",51.659669,-3.345193,307049,196510
"6742385",51.646531,-3.329048,308139,195029
"6742386",51.607061,-3.41151,302349,190746
"6742387",51.685636,-3.45103,299786,199538
"6743309",51.67976,-3.37518,305017,198783
"6743312",51.589883,-3.323888,308382,188722
"6743313",51.619233,-3.453027,299501,192156
"6743314",51.711118,-3.453249,299689,202375
"6743317",51.709405,-3.440486,300567,202167
"6743319",51.703044,-3.413104,302445,201423
"6744019",51.559688,-3.357705,305977,185407
"6744022",51.624532,-3.321964,308585,192573
"6744027",51.579473,-3.306801,309545,187543
"6744053",51.688273,-3.389832,304022,199749
"6744054",51.565649,-3.32392,308331,186027
"6744081",51.658981,-3.511131,295570,196658
"6744083",51.669127,-3.47267,298253,197732
"6744096",51.530419,-3.384644,304048,182187
"6744097",51.607061,-3.41151,302349,190746
"6744105",51.734528,-3.493115,296988,205034
"6744106",51.712021,-3.43614,300873,202452
"6744602",51.583119,-3.301565,309915,187942
"6744604",51.715356,-3.458857,299311,202854
"6745500",51.511591,-3.437566,300336,180164
"6745501",51.616771,-3.418355,301896,191835
"6745502",51.615782,-3.455762,299304,191776
"6745503",51.581712,-3.441135,300242,187967
"6747006",51.722756,-3.470431,298528,203693
"6747008",51.721205,-3.461434,299146,203508
"6747011",51.642896,-3.462036,298930,194800
"6747015",51.568293,-3.307043,309506,186300
"6752000",51.723204,-3.361615,306045,203597
"6752002",51.753616,-3.38755,304318,207013
"6752006",51.743095,-3.378924,304891,205832
"6752010",51.762145,-3.36338,306004,207930
"6752015",51.770768,-3.356379,306505,208880
"6752020",51.754288,-3.373213,305309,207069
"6752022",51.744228,-3.405063,303089,205992
"6752039",51.695888,-3.34443,307176,200537
"6752042",51.747298,-3.363498,305965,206279
"6752054",51.704042,-3.31758,309048,201410
"6752231",51.668269,-3.294849,310548,197404
"6752330",51.762407,-3.401469,303376,208009
"6752346",51.688868,-3.341777,307345,199753
"6752351",51.753842,-3.402272,303302,207058
"6752352",51.744706,-3.366056,305783,205994
"6752353",51.663195,-3.320948,308733,196872
"6752354",51.714136,-3.346835,307047,202570
"6752355",51.762368,-3.346317,307182,207933
"6752356",51.760599,-3.383301,304626,207784
"6753300",51.760548,-3.360695,306186,207749
"6753306",51.743095,-3.378924,304891,205832
"6753307",51.759738,-3.383086,304639,207688
"6754011",51.709429,-3.345251,307147,202044
"6754012",51.767102,-3.38005,304864,208503
"6754013",51.748944,-3.370443,305489,206471
"6754600",51.75682,-3.372,305398,207349
"6757013",51.724882,-3.357293,306347,203778
"6762058",51.668925,-3.223233,315502,197391
"6762061",51.658043,-3.219065,315770,196176
"6762071",51.60073,-3.231271,314818,189817
"6762078",51.703553,-3.207438,316658,201224
"6762081",51.597441,-3.268883,312207,189495
"6762084",51.660931,-3.193524,317542,196468
"6762086",51.657242,-3.184044,318191,196047
"6762089",51.708468,-3.266633,312577,201840
"6762093",51.676809,-3.143061,321060,198178
"6762095",51.659082,-3.161843,319730,196227
"6762097",51.658437,-3.235842,314610,196240
"6762098",51.670403,-3.142538,321085,197465
"6762100",51.634688,-3.129488,321926,193479
"6762103",51.619174,-3.125246,322193,191749
"6762105",51.608606,-3.10276,323732,190550
"6762108",51.743824,-3.294679,310709,205806
"6762121",51.676984,-3.227297,315236,198292
"6762140",51.581657,-3.24066,314132,187706
"6762145",51.581657,-3.24066,314132,187706
"6762148",51.650158,-3.232802,314805,195315
"6762158",51.650836,-3.281938,311407,195449
"6762171",51.650077,-3.291312,310757,195376
"6762193",51.576425,-3.163298,319483,187036
"6762197",51.610285,-3.279365,311506,190936
"6762207",51.671346,-3.134261,321659,197561
"6762224",51.663324,-3.229097,315086,196775
"6762227",51.604199,-3.090408,324580,190047
"6762252",51.587652,-3.241748,314068,188374
"6762256",51.650183,-3.202579,316896,195283
"6762262",51.599754,-3.274492,311823,189759
"6762264",51.65475,-3.132184,321774,195713
"6762278",51.665423,-3.257682,313113,197042
"6762282",51.582131,-3.219443,315603,187734
"6762285",51.678809,-3.227303,315239,198495
"6762296",51.624131,-3.185248,318048,192366
"6762307",51.766834,-3.290145,311067,208360
"6762309",51.759203,-3.286107,311331,207506
"6762310",51.755085,-3.278688,311835,207039
"6762313",51.668925,-3.223233,315502,197391
"6762316",51.72424,-3.240507,314412,203563
"6762322",51.643311,-3.222832,315482,194542
"6762323",51.591271,-3.198958,317039,188727
"6762326",51.595946,-3.143094,320917,189185
"6762328",51.593283,-3.168853,319128,188917
"6762335",51.593474,-3.199853,316981,188973
"6762338",51.580232,-3.246929,313695,187555
"6762339",51.615304,-3.225199,315266,191430
"6762347",51.600315,-3.269194,312191,189815
"6762368",51.641478,-3.239012,314359,194357
"6762370",51.619404,-3.180488,318369,191835
"6762373",51.648052,-3.132301,321754,194969
"6762374",51.574702,-3.224785,315219,186914
"6762376",51.570672,-3.241155,314077,186485
"6762377",51.672343,-3.212025,316283,197759
"6762378",51.655563,-3.201435,316985,195880
"6762379",51.666941,-3.202835,316909,197147
"6762380",51.665393,-3.245304,313969,197024
"6762381",51.686924,-3.233758,314808,199405
"6762382",51.69355,-3.225498,315391,200133
"6762383",51.698307,-3.147784,320771,200574
"6762384",51.610844,-3.091333,324527,190787
"6762385",51.592037,-3.184629,318033,188796
"6762386",51.574505,-3.215212,315882,186881
"6762387",51.717797,-3.235872,314720,202841
"6762388",51.68942,-3.21946,315801,199666
"6762389",51.582467,-3.226841,315091,187780
"6762390",51.581754,-3.201243,316863,187672
"6762391",51.692023,-3.231119,315000,199969
"6762392",51.678952,-3.17466,318879,198451
"6762393",51.642535,-3.238564,314392,194474
"6762394",51.679683,-3.178801,318594,198537
"6762395",51.655534,-3.243964,314043,195926
"6763310",51.580213,-3.203141,316729,187502
"6764031",51.664882,-3.140817,321194,196850
"6764046",51.670931,-3.205717,316717,197594
"6764065",51.581657,-3.24066,314132,187706
"6764068",51.605695,-3.070516,325960,190193
"6764070",51.569185,-3.220929,315476,186296
"6764073",51.688348,-3.244531,314066,199576
"6764075",51.67296,-3.224282,315437,197841
"6764077",51.640582,-3.234436,314674,194252
"6764093",51.590609,-3.191506,317554,188645
"6764103",51.660656,-3.215955,315990,196463
"6764104",51.684601,-3.177346,318703,199083
"6765500",51.745193,-3.273903,312146,205933
"6767011",51.638252,-3.237104,314485,193996
"6772067",51.786004,-3.259816,313197,210455
"6772070",51.783556,-3.249536,313901,210171
"6772072",51.78019,-3.249434,313902,209796
"6772074",51.766678,-3.23554,314835,208277
"6772179",51.68292,-3.126906,322188,198841
"6772253",51.743726,-3.186777,318158,205669
"6772277",51.796162,-3.19902,317409,211514
"6772278",51.781335,-3.213935,316353,209882
"6772306",51.795992,-3.171775,319288,211465
"6772307",51.7763,-3.169092,319437,209272
"6772309",51.79208,-3.212194,316493,211075
"6772310",51.800222,-3.22297,315765,211993
"6772311",51.767063,-3.154339,320439,208228
"6772312",51.699462,-3.134313,321704,200688
"6772313",51.777004,-3.163855,319800,209344
"6773308",51.797188,-3.172176,319262,211598
"6773309",51.802071,-3.172129,319274,212141
"6773315",51.778743,-3.22452,315618,209606
"6773316",51.785031,-3.258295,313300,210345
"6774061",51.766002,-3.241666,314411,208209
"6775401",51.805711,-3.166813,319647,212540
"6775500",51.77391,-3.202373,317137,209043
"6775501",51.734873,-3.133528,321819,204626
"6777011",51.721017,-3.129467,322076,203080
"6777012",51.782534,-3.20706,316830,210008
"6782203",51.648321,-3.006855,330434,194871
"6782204",51.658514,-3.023865,329273,196021
"6782205",51.635046,-3.007565,330365,193396
"6782211",51.661309,-3.035321,328485,196343
"6782249",51.649986,-3.054106,327168,195103
"6782298",51.711139,-3.063539,326614,201913
"6782308",51.705564,-3.045608,327844,201275
"6782312",51.645266,-3.035533,328445,194559
"6782315",51.737492,-3.066605,326445,204847
"6782318",51.746694,-3.064301,326619,205868
"6782319",51.662217,-3.047486,327645,196456
"6782320",51.692606,-3.002412,330809,199792
"6782321",51.683651,-3.025242,329217,198818
"6782322",51.709447,-3.034892,328591,201697
"6782323",51.647443,-3.040866,328080,194807
"6782324",51.641101,-3.044203,327839,194105
"6782325",51.66274,-3.01037,330213,196478
"6782326",51.642359,-3.038921,328206,194239
"6782327",51.684925,-3.025517,329200,198960
"6783028",51.773241,-3.078035,325715,208835
"6783321",51.648804,-3.022736,329336,194940
"6783324",51.663033,-3.019391,329590,196520
"6783330",51.642115,-3.05818,326873,194231
"6783331",51.70465,-3.047236,327730,201175
"6783332",51.631558,-2.977622,332432,192980
"6784051",51.654701,-3.006201,330489,195580
"6784070",51.72856,-3.059039,326953,203846
"6784072",51.696517,-3.037673,328378,200261
"6784075",51.715029,-3.036837,328465,202320
"6784076",51.647732,-3.051387,327352,194849
"6784603",51.702827,-3.038873,328305,200964
"6787012",51.653453,-3.005371,330545,195441
"6792057",51.83055,-3.09303,324776,215224
"6792134",51.735642,-2.982887,332223,204560
"6792163",51.580301,-2.821964,343141,187146
"6792164",51.586473,-2.783455,345817,187804
"6792228",51.632256,-2.676599,353267,192821
"6792243",51.886292,-2.971961,333201,221305
"6792246",51.625376,-2.670646,353672,192053
"6792261",51.58678,-2.75287,347936,187815
"6792263",51.733854,-2.686645,352678,204128
"6792299",51.643397,-2.752021,348060,194112
"6792301",51.745366,-2.724986,350043,205434
"6792303",51.643309,-2.67925,353095,194052
"6792304",51.813443,-2.726488,350015,213006
"6792305",51.874196,-2.864078,340610,219867
"6792317",51.834227,-3.009009,330571,215549
"6792318",51.596556,-2.758114,347584,188906
"6792319",51.827723,-3.026973,329323,214843
"6792320",51.835193,-3.014778,330175,215662
"6792321",51.806795,-2.69953,351866,212248
"6792322",51.592539,-2.7494,348183,188453
"6792323",51.81163,-3.029871,329098,213056
"6792324",51.59346,-2.758654,347543,188563
"6793004",51.839275,-3.008497,330614,216110
"6793022",51.705418,-2.899547,337937,201125
"6793031",51.763483,-2.851065,341362,207542
"6793032",51.817993,-2.716246,350726,213505
"6793310",51.579139,-2.83001,342582,187024
"6793317",51.825864,-3.021547,329694,214631
"6793326",51.636696,-2.678428,353145,193316
"6793327",51.591315,-2.726702,349754,188301
"6794060",51.814968,-2.70938,351196,213164
"6794064",51.83166,-3.017862,329957,215272
"6794065",51.642524,-2.6797,353063,193965
"6794066",51.589525,-2.75114,348059,188120
"6797006",51.630149,-2.695523,351955,192599
"6801001",51.602675,-3.00944,330185,189797
"6801005",51.592638,-2.984344,331908,188657
"6802003",51.58522,-3.009703,330140,187856
"6802004",51.598815,-2.99714,331031,189356
"6802009",51.588954,-2.972212,332743,188237
"6802017",51.56766,-3.010641,330048,185904
"6802019",51.587953,-2.988911,331585,188141
"6802022",51.616909,-3.012572,329990,191383
"6802027",51.584544,-2.997289,330999,187769
"6802030",51.586752,-2.959968,333588,187980
"6802039",51.582807,-3.027705,328889,187605
"6802043",51.616713,-3.007137,330366,191356
"6802209",51.612874,-2.890329,338448,190825
"6802224",51.594257,-2.89317,338226,188756
"6802236",51.5402,-3.076332,325450,182915
"6802258",51.595319,-3.049498,327399,189018
"6802276",51.586514,-3.049728,327369,188039
"6802295",51.586163,-3.040727,327992,187991
"6802300",51.575474,-3.061509,326535,186823
"6802302",51.577435,-2.994796,331161,186976
"6802314",51.584638,-2.935704,335266,187724
"6802315",51.585378,-2.95317,334057,187821
"6802316",51.588477,-2.937934,335117,188152
"6802317",51.611396,-3.018862,329546,190776
"6802318",51.608821,-3.034762,328441,190505
"6802319",51.602032,-2.982483,332051,189700
"6802320",51.610957,-3.0167,329695,190725
"6802321",51.578776,-2.956812,333795,187090
"6802322",51.600675,-2.965026,333258,189533
"6802323",51.60676,-2.999624,330871,190242
"6802324",51.615716,-2.969664,332959,191211
"6802325",51.581749,-2.970563,332847,187434
"6802326",51.576158,-3.018867,329491,186857
"6802327",51.563294,-3.016517,329634,185425
"6802328",51.58373,-3.058677,326745,187739
"6802329",51.59602,-2.929303,335726,188984
"6803002",51.610109,-3.000484,330817,190616
"6803300",51.569883,-3.020877,329342,186162
"6803301",51.592968,-2.980295,332189,188690
"6803302",51.5915,-2.999867,330831,188546
"6803304",51.574325,-2.993631,331237,186630
"6803305",51.583707,-2.967265,333078,187648
"6803306",51.592089,-2.937171,335175,188553
"6803313",51.610726,-2.956416,333869,190643
"6804003",51.601079,-2.97699,332430,189589
"6804020",51.558293,-3.012438,329909,184864
"6804021",51.586316,-2.932693,335477,187907
"6804025",51.606881,-3.014862,329816,190270
"6804026",51.571601,-2.954469,333947,186290
"6804030",51.574423,-3.043374,327790,186688
"6804059",51.611644,-2.958824,333704,190748
"6804060",51.60676,-2.999624,330871,190242
"6804602",51.557106,-3.023865,329115,184743
"6807002",51.56766,-3.010641,330048,185904
"6807004",51.578259,-3.015356,329738,187088
"6811003",51.464062,-3.179555,318155,174558
"6811017",51.486896,-3.140119,320934,177054
"6811018",51.470235,-3.268676,311976,175348
"6812001",51.482632,-3.231879,314555,176683
"6812003",51.483801,-3.160463,319516,176732
"6812005",51.493497,-3.167465,319047,177818
"6812007",51.502091,-3.185565,317806,178794
"6812009",51.485251,-3.1428,320745,176874
"6812011",51.510568,-3.201722,316700,179755
"6812015",51.476252,-3.236545,314219,175979
"6812017",51.488017,-3.243921,313729,177296
"6812019",51.500465,-3.216973,315623,178649
"6812031",51.478345,-3.200414,316732,176170
"6812033",51.481815,-3.213639,315820,176571
"6812037",51.480027,-3.145593,320542,176296
"6812039",51.483483,-3.207923,316220,176750
"6812041",51.522093,-3.178949,318301,181011
"6812043",51.497661,-3.169185,318935,178283
"6812045",51.509312,-3.122436,322200,179528
"6812050",51.490006,-3.154931,319911,177416
"6812052",51.519191,-3.189367,317573,180700
"6812061",51.497453,-3.240965,313952,178342
"6812065",51.517193,-3.127631,321853,180410
"6812069",51.52307,-3.117686,322553,181053
"6812072",51.527621,-3.183758,317977,181632
"6812074",51.513204,-3.167724,319064,180010
"6812075",51.494511,-3.255536,312935,178032
"6812084",51.463627,-3.168214,318942,174497
"6812090",51.530426,-3.20918,316219,181972
"6812092",51.524142,-3.21599,315735,181281
"6812094",51.508333,-3.151058,320212,179450
"6812096",51.516408,-3.157458,319782,180355
"6812101",51.470407,-3.194044,317160,175280
"6812104",51.521171,-3.234403,314452,180972
"6812107",51.523606,-3.142304,320846,181139
"6812111",51.546855,-3.2762,311602,183878
"6812132",51.51859,-3.257404,312851,180712
"6812137",51.531367,-3.250624,313346,182125
"6812147",51.542261,-3.175375,318585,183250
"6812153",51.521975,-3.261245,312591,181094
"6812164",51.524309,-3.109428,323128,181182
"6812166",51.514081,-3.217711,315597,180164
"6812169",51.531576,-3.200502,316823,182090
"6812170",51.494511,-3.255536,312935,178032
"6812171",51.5106,-3.135364,321305,179685
"6812173",51.480269,-3.217927,315519,176404
"6812174",51.522081,-3.090045,324469,180914
"6812175",51.528357,-3.300156,309904,181851
"6812176",51.543115,-3.19325,317347,183365
"6812177",51.499125,-3.229068,314781,178514
"6812179",51.518952,-3.097695,323933,180574
"6812180",51.500575,-3.18966,317519,178630
"6812305",51.526783,-3.328947,307904,181711
"6812306",51.475245,-3.20723,316253,175833
"6812308",51.508897,-3.148579,320385,179510
"6812309",51.497607,-3.183518,317940,178293
"6812310",51.526026,-3.129204,321759,181394
"6812311",51.465859,-3.183243,317902,174762
"6812312",51.48442,-3.241399,313897,176893
"6812313",51.479951,-3.146872,320453,176289
"6812314",51.516657,-3.109429,323115,180331
"6812315",51.469278,-3.257357,312760,175228
"6812317",51.505093,-3.128312,321785,179065
"6812318",51.478605,-3.252075,313145,176259
"6812319",51.482687,-3.199636,316794,176652
"6812320",51.506499,-3.23075,314678,179336
"6812321",51.503214,-3.238841,314110,178981
"6812322",51.473067,-3.257879,312731,175650
"6812323",51.523606,-3.142304,320846,181139
"6812324",51.514575,-3.109854,323082,180100
"6812325",51.500465,-3.216973,315623,178649
"6812326",51.495416,-3.160672,319522,178024
"6812327",51.471324,-3.257721,312739,175456
"6812328",51.524621,-3.153568,320066,181265
"6812329",51.508712,-3.221213,315344,179571
"6812330",51.536691,-3.140349,321004,182592
"6812331",51.50047,-3.149678,320294,178574
"6812332",51.462369,-3.175374,318442,174365
"6813000",51.52307,-3.117686,322553,181053
"6813321",51.486896,-3.140119,320934,177054
"6813323",51.472422,-3.167258,319024,175474
"6813328",51.503124,-3.197219,316999,178922
"6813330",51.483528,-3.198341,316885,176744
"6813332",51.470047,-3.188837,317521,175234
"6813334",51.487162,-3.161528,319448,177107
"6813336",51.526148,-3.126852,321922,181405
"6813341",51.497607,-3.183518,317940,178293
"6813343",51.464335,-3.185435,317747,174595
"6813344",51.484242,-3.164925,319207,176786
"6813346",51.492248,-3.222069,315254,177741
"6813351",51.533127,-3.18418,317958,182244
"6813353",51.51463,-3.106008,323349,180102
"6813354",51.494555,-3.256444,312872,178038
"6813355",51.4739,-3.173185,318615,175645
"6813357",51.509204,-3.157578,319761,179554
"6813366",51.473707,-3.271868,311761,175738
"6813370",51.526197,-3.143998,320733,181429
"6813371",51.522049,-3.146171,320575,180970
"6813373",51.527141,-3.101842,323659,181489
"6813374",51.517285,-3.149684,320323,180444
"6813375",51.478191,-3.256297,312851,176218
"6814039",51.517811,-3.174602,318595,180530
"6814041",51.484261,-3.13736,321121,176758
"6814042",51.476238,-3.21208,315918,175949
"6814049",51.49152,-3.2375,314181,177678
"6814051",51.532049,-3.187583,317720,182128
"6814054",51.498691,-3.191916,317359,178423
"6814070",51.509032,-3.247174,313543,179637
"6814071",51.502108,-3.226742,314948,178843
"6814072",51.49603,-3.247164,313519,178191
"6814074",51.504186,-3.158575,319683,178997
"6814075",51.470235,-3.268676,311976,175348
"6814076",51.51526,-3.11823,322502,180185
"6814600",51.517632,-3.114699,322751,180445
"6814607",51.469278,-3.257357,312760,175228
"6814608",51.495308,-3.230377,314683,178091
"6814609",51.51482,-3.144275,320694,180164
"6814611",51.533619,-3.161009,319566,182273
"6815403",51.513412,-3.223227,315213,180096
"6817001",51.527785,-3.220253,315446,181691
"6817005",51.531522,-3.182812,318050,182064
"6817006",51.480528,-3.235293,314314,176453
"6817008",51.480528,-3.235293,314314,176453
"6817011",51.480528,-3.235293,314314,176453
"6817019",51.526069,-3.142423,320842,181413
"6817021",51.500465,-3.216973,315623,178649
"6655500",52.58944,-3.854198,274486,300685
"6782115",51.731066,-3.060343,326867,204126
"6602228",53.210564,-4.25406,249570,370538
"6603037",53.167256,-4.353902,242745,365936
"6615501",52.913098,-3.596933,292712,336268
"6622275",53.191155,-3.842554,276992,367592
"6635902",53.314463,-3.477694,301651,380743
"6643334",53.231762,-3.245351,316969,371248
"6663323",52.692328,-3.470577,300706,311530
"6665501",52.762347,-3.2688,314480,319059
"6673061",52.091278,-4.183032,250540,245907
"6745504",51.565649,-3.32392,308331,186027
"6802330",51.578174,-2.935765,335253,187005
