LL68 9DU,6602130
LL58 8HL,6602131
LL65 3TZ,6602132
LL77 7LZ,6602133
LL62 5AB,6602134
LL65 3PP,6602135
LL61 6HZ,6602136
LL67 0LB,6602138
LL61 6AQ,6602139
LL60 6DD,6602140
LL68 0PH,6602141
LL65 4SG,6602142
LL72 8NA,6602145
LL76 8SX,6602146
LL61 5TX,6602152
LL68 0SA,6602153
LL77 7LP,6602154
LL58 8LU,6602155
LL62 5DR,6602156
LL71 8DP,6602157
LL63 5RY,6602160
LL75 8UP,6602161
LL69 9AZ,6602162
LL65 2DX,6602163
LL64 5XA,6602164
LL68 9PP,6602165
LL77 7TG,6602166
LL65 3EU,6602168
LL65 2DS,6602169
LL74 8SG,6602170
LL61 6TE,6602172
LL65 3LW,6602173
LL59 5UW,6602174
LL59 5DS,6602175
LL65 2TH,6602176
LL65 2PU,6602177
LL77 7JB,6602226
LL65 4PQ,6602227
LL60 6HB,6603034
LL60 6LT,6603035
LL65 1NS,6603036
LL65 1TR,6603304
LL68 9TH,6604025
LL65 1NP,6604026
LL77 7NG,6604027
LL59 5SS,6604028
LL65 3TL,6604029
LL65 3NP,6605200
LL77 7PG,6607011
LL55 3LT,6612000
LL53 6EA,6612004
LL55 4AL,6612006
LL53 6YU,6612008
LL53 7EA,6612009
LL55 4UY,6612010
LL55 1AX,6612011
LL57 4RN,6612013
LL49 9UF,6612015
LL54 5EU,6612017
LL55 1DU,6612026
LL57 3BE,6612028
LL52 0DS,6612033
LL55 4DE,6612035
LL53 6PS,6612036
LL53 8BP,6612039
LL55 4SH,6612042
LL53 8YW,6612046
LL54 5UG,6612047
LL53 6UP,6612048
LL51 9SZ,6612049
LL57 4SG,6612051
LL54 5AL,6612059
LL53 7NU,6612060
LL53 6DQ,6612066
LL57 3EH,6612069
LL54 6SH,6612070
LL53 6AR,6612075
LL54 6BT,6612078
LL54 6EE,6612081
LL55 3BW,6612085
LL54 6RL,6612089
LL53 8DZ,6612093
LL57 4EH,6612097
LL54 7EU,6612098
LL54 7LR,6612099
LL53 7LF,6612103
LL49 9NU,6612104
LL54 6HR,6612108
LL49 9RN,6612110
LL54 5LU,6612111
LL53 8ND,6612112
LL55 4LJ,6612113
LL57 1ST,6612116
LL57 4TL,6612118
LL55 2AT,6612119
LL55 2UF,6612122
LL57 2LX,6612123
LL53 5AR,6612125
LL57 3PL,6612126
LL56 4TZ,6612127
LL23 7BN,6612180
LL42 1HH,6612181
SY20 9TQ,6612185
LL44 2EP,6612189
LL41 4NF,6612190
LL41 4DY,6612192
LL45 2NW,6612194
LL48 6LJ,6612198
LL23 7UB,6612199
LL41 4AF,6612205
SY20 9JT,6612207
LL48 6AE,6612208
LL47 6TA,6612210
LL41 3SU,6612211
LL36 9EF,6612212
LL41 4SE,6612213
LL23 7NT,6612214
LL46 2UE,6612219
LL23 7HE,6612220
LL41 3UL,6612221
LL57 1BA,6612227
LL36 9SG,6612228
LL54 7DT,6612229
LL53 8RA,6613004
LL55 1DF,6613005
LL57 2NN,6613009
LL53 7RN,6613010
LL57 4HU,6613013
LL54 5ST,6613018
LL52 0SP,6613023
LL57 4PG,6613029
LL57 2GZ,6613030
LL55 1PF,6613300
LL57 2UT,6613301
LL23 7UU,6613305
LL57 3NN,6614002
LL53 8PY,6614003
LL55 4AD,6614004
LL54 6AA,6614007
LL49 9HS,6614009
LL41 3DW,6614031
LL36 9EU,6614032
LL23 7RU,6614033
LL46 2UH,6614034
LL57 2LN,6614036
LL57 2TY,6614037
LL55 1HW,6614039
LL53 5NU,6614040
LL40 1HY,6615500
LL55 1DU,6617002
LL48 6LD,6617010
LL32 8QE,6622002
LL24 0BP,6622012
LL34 6RA,6622023
LL31 9YB,6622038
LL25 0SZ,6622043
LL30 2LZ,6622044
LL30 3LB,6622053
LL30 2SJ,6622061
LL30 1EG,6622063
LL24 0PT,6622086
LL28 4LX,6622103
LL22 8SD,6622104
LL28 5EF,6622106
LL32 8QF,6622107
LL29 9UA,6622108
LL18 5LE,6622110
LL22 7NU,6622111
LL22 7NU,6622112
LL29 7ST,6622114
LL33 0PA,6622115
LL18 5LE,6622118
LL30 1TR,6622121
LL21 9SW,6622123
LL16 5EA,6622131
LL16 5HN,6622132
LL22 8PP,6622148
LL22 7NU,6622221
LL26 0RL,6622222
LL28 5NA,6622225
LL29 8SS,6622264
LL29 9RU,6622267
LL28 5AU,6622269
LL24 0LE,6622270
LL26 0EY,6622271
LL29 8ET,6622272
LL29 9LL,6622273
LL31 9RT,6622274
LL33 0AA,6623020
LL32 8YB,6623021
LL34 6YG,6623024
LL24 0NY,6623032
LL22 9BU,6623038
LL26 0BJ,6623039
LL28 5UD,6623040
LL32 8FZ,6623043
LL22 8EW,6623059
LL22 8AW,6623062
LL30 3BA,6623302
LL30 1LL,6623303
LL30 2HL,6623307
LL29 7UU,6623333
LL29 8YY,6623340
LL30 1LF,6624022
LL32 8ED,6624023
LL26 0SD,6624035
LL30 3LB,6624038
LL29 6DD,6625201
LL22 7HE,6625400
LL29 7SP,6625402
LL29 8HU,6625403
LL30 1YE,6627007
LL18 6AN,6632011
LL18 5AG,6632037
LL18 2DS,6632038
LL18 4EU,6632039
LL18 5TG,6632057
LL19 8SY,6632059
LL18 2EG,6632060
LL18 2RE,6632066
LL19 8PE,6632067
LL16 4DA,6632070
LL18 3SU,6632072
LL22 9DS,6632124
LL16 3DP,6632125
LL16 5AW,6632127
LL16 3DP,6632134
LL16 4HG,6632135
LL16 3ER,6632136
LL15 1SB,6632164
LL15 2HG,6632168
LL21 9PY,6632214
LL21 9AN,6632215
LL21 9RT,6632216
LL21 9DF,6632219
LL19 8RP,6632227
LL20 8AR,6632234
LL15 1DY,6632255
LL15 1DY,6632256
LL16 4NL,6632261
CH7 4TB,6632262
LL20 8AR,6632263
LL19 8AZ,6632264
LL19 9NW,6632265
LL16 3RU,6632266
LL21 0LG,6632267
LL15 2AY,6632268
LL17 0UN,6633020
LL17 0RL,6633024
LL15 1SU,6633044
LL15 2RU,6633045
LL15 1NT,6633050
LL16 4SG,6633057
LL11 3AW,6633061
LL17 0PT,6633062
LL18 2HY,6633315
LL16 5UF,6633316
LL18 4BY,6634003
LL19 8RS,6634014
LL17 0RP,6634020
LL16 3EX,6634026
LL20 8TG,6634027
LL15 1EG,6634031
LL18 2EU,6634601
LL16 4BH,6635901
LL18 2RN,6637000
LL16 3DR,6637010
CH6 6LW,6642002
CH6 6BB,6642003
CH7 2JT,6642004
CH5 3GU,6642012
CH8 9JA,6642013
CH6 5DL,6642015
CH8 7JW,6642018
CH8 9JQ,6642021
LL12 9NL,6642024
CH8 8NQ,6642026
CH7 1PS,6642028
CH7 6HS,6642032
CH4 8BT,6642040
CH5 2HH,6642041
CH7 6ED,6642043
CH8 9BZ,6642044
CH8 9NU,6642046
CH8 8NU,6642049
CH7 6PJ,6642050
CH7 4LN,6642051
CH5 4SN,6642052
CH5 2EH,6642053
CH7 4DT,6642056
CH5 1SA,6642061
CH7 1EW,6642062
CH7 3JA,6642063
CH7 5NH,6642064
CH8 8AD,6642065
CH7 1SU,6642068
CH5 4XA,6642077
CH4 0BN,6642078
CH7 5DP,6642081
CH8 7NJ,6642082
LL12 9DH,6642084
CH7 2NP,6642085
CH5 4NE,6642086
CH7 3EG,6642089
CH6 5ET,6642091
CH7 4RQ,6642092
CH5 3RQ,6642093
CH7 6AU,6642094
LL19 9YP,6642237
CH6 5DU,6642257
CH7 4LN,6642266
CH7 6SJ,6642267
CH4 0QQ,6642268
CH5 4QL,6642269
CH4 0LQ,6642270
CH5 1HP,6642271
CH8 7EN,6642272
CH7 5RD,6643002
CH7 5AD,6643303
CH6 5JZ,6643306
CH8 7NJ,6643307
CH7 1LH,6643308
CH4 8SG,6643311
CH5 1AS,6643312
LL18 6DL,6643316
CH8 9AN,6643320
CH5 1NG,6643330
CH4 0EN,6643331
CH7 4EL,6643332
CH5 3PY,6643333
CH5 3DN,6644000
CH7 1EP,6644006
CH7 3HQ,6644011
CH8 7EN,6644012
CH4 0AE,6644013
LL12 9PY,6644017
CH7 1JB,6644018
CH6 5LL,6644021
CH5 4BH,6644022
CH7 6RY,6644042
CH6 5JZ,6644600
CH4 9AJ,6645200
CH6 5DL,6647020
CH6 5QL,6647021
LL13 8TH,6651007
LL12 8LA,6652076
LL20 7SU,6652137
LL20 7UY,6652138
LL20 7HH,6652139
LL20 7LF,6652140
LL20 7AH,6652143
LL14 3SH,6652149
LL14 3PY,6652151
LL14 6AE,6652160
LL14 3PY,6652162
LL12 7AZ,6652173
LL11 6NB,6652176
LL11 5UA,6652178
LL11 5SA,6652179
LL11 6BT,6652187
LL11 2NB,6652191
LL14 4AN,6652200
LL13 0SB,6652204
LL13 9UN,6652208
LL11 2TE,6652209
LL11 3NB,6652224
LL13 0JA,6652232
LL13 9DJ,6652235
LL13 7DA,6652238
LL14 2DX,6652259
LL11 2BU,6652263
LL11 3HA,6652266
LL11 6SF,6652267
LL11 4HS,6652268
LL13 9HD,6652269
LL13 8UW,6652270
LL12 0TR,6652271
LL14 3EG,6652272
LL14 1DD,6652273
LL11 4NT,6652274
LL14 2PF,6652275
LL12 8BT,6652276
LL13 7RP,6652277
LL14 5NH,6652278
LL11 4NG,6652279
LL14 2SW,6652280
LL12 7TH,6652281
LL12 0EE,6653028
LL14 5AW,6653036
LL13 0YD,6653042
SY14 7LJ,6653054
LL13 7DG,6653055
SY13 3HN,6653301
LL13 0LU,6653305
SY13 3DG,6653326
LL13 7NA,6653334
LL11 3YE,6653337
LL12 8RW,6653338
LL14 6LE,6653341
LL11 5DA,6653342
LL13 8TH,6653343
LL13 0ES,6653346
LL13 9RL,6653347
LL14 1EL,6654029
LL13 9NG,6654032
LL11 4HB,6654033
LL12 0DL,6654034
LL14 6BT,6654044
LL13 9ET,6654048
LL13 7UB,6654049
LL13 7EN,6654603
LL13 0LU,6655401
LL13 7BW,6657005
SY15 6ND,6662002
SY22 6RT,6662003
SY21 0NW,6662004
SY21 8BA,6662005
SY17 5HG,6662008
SY17 5LH,6662009
SY22 6PA,6662010
SY21 8HH,6662018
SY19 7DJ,6662019
SY17 5BY,6662020
SY21 0SF,6662021
SY22 6DF,6662033
SY16 2DF,6662040
SY22 6JN,6662041
SY17 5PH,6662044
SY16 1EG,6662048
SY21 9ND,6662049
SY18 6EX,6662050
SY21 8TB,6662051
SY5 9BJ,6662053
SY15 6AA,6662054
SY16 1EG,6662056
SY22 5BJ,6662057
SY20 8LX,6662058
SY10 0PD,6662059
SY16 1LH,6662060
SY16 1NH,6662062
LD1 5SA,6662066
LD1 6TN,6662068
LD1 5WA,6662070
LD1 5TW,6662071
LD8 2NH,6662075
LD8 2SS,6662076
LD1 6RE,6662077
LD3 7LU,6662079
LD3 7NG,6662080
LD5 4RA,6662084
LD2 3GA,6662089
LD3 8RS,6662092
NP8 1DY,6662113
LD3 9LR,6662115
HR3 5BT,6662116
NP8 1NY,6662117
LD4 4AT,6662122
LD3 8EB,6662125
LD3 9SR,6662127
SY16 3EH,6662129
SY10 0LG,6662146
SY10 7QB,6662147
SY16 1JE,6662148
SA9 1XD,6662149
SA9 1SE,6662150
SA9 1BU,6662151
SA9 2PT,6662152
LD3 0DQ,6662153
SY21 7PW,6662154
SY22 6UQ,6663000
SY15 6QA,6663002
SY21 8NE,6663016
SY22 6RB,6663021
SY21 9AL,6663022
HR5 3NR,6663026
LD1 5EB,6663030
LD1 6LD,6663031
HR3 5LE,6663033
LD7 1HP,6663035
LD6 5LT,6663036
LD2 3TY,6663037
SY10 9LD,6663046
LD3 7TR,6663050
SY21 7AT,6663051
SY16 4NP,6663301
SY22 6AE,6663303
NP8 1SR,6663316
LD3 0YB,6663317
LD3 9EU,6663318
SY16 2EH,6663320
NP8 1PH,6663322
SY21 0HW,6664000
SY22 5BJ,6664001
SY18 6EX,6664002
SY16 1JE,6664011
SY21 7RE,6664013
SA9 1AP,6664021
LD3 9SR,6664022
LD3 0SG,6664023
NP8 1AW,6664024
LD2 3BW,6664025
SY21 0HZ,6665200
SY20 8DR,6665500
SY16 4PB,6667001
SY16 1LH,6667002
LD3 7HL,6667004
SA46 0BQ,6672281
SA48 8RH,6672284
SA48 8BX,6672285
SA48 7PN,6672288
SA48 8BE,6672289
SA47 0PA,6672291
SY23 5HX,6672293
SA45 9TE,6672295
SA44 4ER,6672298
SY23 1HL,6672299
SY23 3BQ,6672303
SY23 4DA,6672308
SY23 4LA,6672309
SY23 4HA,6672310
SY23 4PA,6672311
SY23 4QZ,6672312
SY23 3LP,6672313
SY23 1SH,6672314
SY23 3JX,6672315
SY24 5AD,6672316
SY24 5HE,6672317
SA43 2DA,6672319
SA38 9QB,6672320
SA43 2NL,6672323
SA43 1SQ,6672324
SA38 9PE,6672345
SY25 6BL,6672353
SY23 1HL,6672361
SY24 5NJ,6672362
SY23 3EH,6672363
SA48 8LY,6672366
SA38 9JP,6672367
SA43 1EH,6672368
SA44 6JZ,6672369
SA44 6EA,6672371
SY23 4TQ,6672372
SA40 9SX,6672373
SY23 5DW,6673058
SY23 1EZ,6673318
SA46 0DT,6674042
SA43 1AD,6674044
SY23 3AW,6674047
SY23 3QN,6674048
SA48 7BX,6675500
SY25 6HG,6675501
SA44 4JL,6675502
SA70 8SH,6682203
SA41 3SN,6682209
SA64 0ET,6682212
SA61 1BZ,6682214
SA62 3PU,6682220
SA71 5NW,6682222
SA66 7SY,6682223
SA62 4ND,6682228
SA65 9SE,6682231
SA66 7LB,6682233
SA67 7FE,6682242
SA42 0TL,6682243
SA62 5RL,6682250
SA43 3ET,6682253
SA62 5LZ,6682254
SA69 9HB,6682258
SA68 0UG,6682260
SA67 8RS,6682261
SA34 0NL,6682266
SA62 5JT,6682270
SA62 3JT,6682271
SA62 6JU,6682273
SA62 3SZ,6682384
SA35 0BE,6682385
SA72 6LQ,6682386
SA71 4LS,6682387
SA71 4DP,6682388
SA65 9DB,6682389
SA41 3QH,6682390
SA61 2RB,6682391
SA72 6SL,6682392
SA73 1TH,6682393
SA70 8BZ,6682395
SA73 2LQ,6682396
SA61 1TD,6682397
SA43 2SB,6683035
SA72 4UN,6683036
SA62 4HJ,6683040
SA70 7SN,6683042
SA62 5QR,6683050
SA70 8LY,6683055
SA62 5SL,6683058
SA70 8BZ,6683059
SA71 5RD,6683060
SA73 3RD,6683061
SA65 9DF,6683311
SA72 6PD,6683312
SA61 1PH,6683313
SA73 2EE,6683314
SA62 4PS,6683315
SA70 7LJ,6683319
SA61 1JX,6683320
SA68 0SG,6683321
SA65 9DT,6684031
SA70 8BN,6684035
SA71 4RL,6684038
SA73 1AE,6684063
SA41 3QH,6684064
SA61 1EQ,6684512
SA62 4BN,6685500
SA62 6QH,6685900
SA61 1BS,6687001
SA18 2NS,6691000
SA14 7DE,6692000
SA14 7AN,6692001
SA14 7SU,6692002
SA14 6DT,6692003
SA14 6HR,6692006
SA14 6RS,6692007
SA14 6SU,6692008
SA33 5AE,6692009
SA32 7AB,6692014
SA15 5DR,6692018
SA15 5SN,6692019
SA17 4HE,6692020
SA15 5UB,6692023
SA15 5NS,6692024
SA33 5ND,6692034
SA33 5QN,6692037
SA18 3LH,6692042
SA18 2HE,6692043
SA18 3QD,6692044
SA18 3HB,6692050
SA18 3BQ,6692052
SA4 0FB,6692057
SA19 6SY,6692061
SA19 7YH,6692065
SA32 8RX,6692067
SA19 9HP,6692080
SA20 0HY,6692084
SA34 0QB,6692098
SA44 5EB,6692104
SA33 6BY,6692109
SA17 4RL,6692112
SA31 3HS,6692114
SA31 1TG,6692116
SA33 4TU,6692119
SA14 9TT,6692120
SA14 9LT,6692121
SA14 8LL,6692123
SA15 5EZ,6692128
SA4 0XD,6692131
SA15 4DD,6692135
SA15 3HW,6692159
SA33 5LN,6692166
SA14 6AE,6692167
SA14 9HD,6692168
SA18 1AH,6692169
SA33 5RR,6692170
SA31 1TE,6692171
SA31 2NN,6692173
SA17 4BE,6692175
SA14 8DS,6692176
SA16 0AL,6692177
SA16 0TP,6692178
SA18 2NS,6692179
SA66 7UX,6692180
SA18 3JB,6692181
SA33 6RU,6692182
SA19 6LU,6692183
SA40 9RN,6692184
SA19 6LU,6692185
SA33 6TR,6692187
SA14 8SA,6692188
SA15 4AL,6692189
SA14 8RS,6692190
SA17 4TR,6692192
SA14 7NT,6692193
SA32 7LG,6692194
SA17 4UT,6692370
SA14 8RS,6692371
SA15 5EB,6692373
SA15 1DH,6692374
SA15 1NB,6692375
SA38 9BA,6692379
SA31 1NB,6692380
SA33 4BT,6692384
SA17 5BW,6692385
SA48 8ET,6692386
SA39 9AA,6692387
SA18 2GB,6692388
SA34 0EL,6692389
SA14 9ET,6692390
SA14 8BE,6692391
SA18 2NS,6692392
SA15 2AP,6692393
SA16 0AU,6692394
SA15 2TS,6692395
SA14 8YB,6692396
SA31 2JD,6693000
SA33 4PJ,6693002
SA33 4TE,6693003
SA32 8BJ,6693004
SA17 5TB,6693013
SA39 9DX,6693026
SA14 8SD,6693300
SA31 3DE,6693301
SA44 5XG,6693307
SA15 3BL,6693321
SA31 3EQ,6693322
SA18 2NW,6694029
SA15 1LJ,6694050
SA15 4DL,6694052
SA16 0AL,6694053
SA14 8RP,6694054
SA32 8DN,6694056
SA38 9LN,6694060
SA31 3NL,6694063
SA14 7DT,6694064
SA19 6PE,6694065
SA34 0BD,6694512
SA14 8SD,6694600
SA15 3LS,6697000
SA31 3NQ,6697010
SA2 0BU,6702006
SA5 5DU,6702008
SA6 6LL,6702014
SA1 8LE,6702017
SA5 8DB,6702021
SA7 9EY,6702023
SA3 5TS,6702027
SA1 2LT,6702032
SA7 9RW,6702036
SA6 8EF,6702040
SA3 4BE,6702042
SA1 7AP,6702048
SA6 8LH,6702051
SA2 9HD,6702054
SA1 3TY,6702055
SA1 6JD,6702059
SA1 6PT,6702063
SA5 4QS,6702065
SA1 2BZ,6702067
SA5 7AZ,6702069
SA6 5AY,6702071
SA6 7JX,6702073
SA5 5LA,6702075
SA3 5JP,6702076
SA1 7EN,6702077
SA5 5LW,6702082
SA7 9UJ,6702084
SA2 8NG,6702086
SA3 4UE,6702092
SA3 5RF,6702095
SA2 7LF,6702096
SA2 0BP,6702098
SA3 3EN,6702105
SA4 6TU,6702108
SA2 7DR,6702109
SA6 5TE,6702117
SA4 3PU,6702120
SA5 7ND,6702133
SA5 7JE,6702157
SA3 1EH,6702159
SA4 3FH,6702167
SA4 4GY,6702172
SA4 9DB,6702174
SA4 4YG,6702176
SA4 8JD,6702186
SA4 8JA,6702189
SA4 9FA,6702192
SA4 6QB,6702211
SA4 6AU,6702212
SA6 5DP,6702215
SA3 2AD,6702216
SA3 1AR,6702217
SA2 7UF,6702219
SA4 6HX,6702223
SA7 9RZ,6702225
SA6 6QF,6702226
SA5 4ST,6702229
SA5 7HW,6702231
SA6 5HE,6702232
SA1 6SF,6702233
SA1 6TZ,6702234
SA3 5LS,6702235
SA7 9LH,6702236
SA2 7SN,6702237
SA5 7DN,6702238
SA1 8EZ,6702239
SA4 3GE,6702240
SA6 6HY,6702241
SA6 7DU,6702242
SA5 8BN,6702243
SA6 5EU,6702244
SA1 7DL,6702245
SA4 4BN,6702246
SA5 9LN,6702247
SA3 5TS,6703303
SA1 7DG,6703305
SA1 3UA,6703306
SA6 5NX,6703308
SA1 2BE,6703309
SA1 7HX,6704031
SA2 7AB,6704032
SA6 6NH,6704033
SA1 2NN,6704043
SA2 9AP,6704044
SA4 4FG,6704062
SA4 3DL,6704063
SA3 3JP,6704069
SA4 8PD,6704072
SA4 3DD,6704074
SA7 9NB,6704075
SA2 0FR,6704076
SA5 7BU,6704078
SA6 7QG,6704600
SA6 7PA,6707000
SA1 1QA,6707008
SA8 3AB,6712100
SA10 9AA,6712101
SA11 5PP,6712106
SA10 7PE,6712110
SA12 8TF,6712119
SA9 2FJ,6712128
SA10 8NS,6712129
SA10 6JJ,6712134
SA11 5AA,6712137
SA13 3EE,6712138
SA9 2NY,6712140
SA13 1TT,6712142
SA11 1AQ,6712144
SA13 3BB,6712148
SA18 1UN,6712149
SA10 8BL,6712150
SA10 9LB,6712155
SA12 7NN,6712158
SA12 6AJ,6712161
SA11 3AL,6712168
SA13 3PL,6712173
SA12 6JF,6712175
SA8 4PJ,6712178
SA11 3EJ,6712181
SA11 4AB,6712187
SA12 8YF,6712191
SA8 3EB,6712200
SA10 9AA,6712202
SA8 3BB,6712203
SA11 5AA,6712205
SA18 1UU,6712206
SA8 4BL,6712208
SA8 4JR,6712218
SA10 7RW,6712221
SA10 8LF,6712230
SA11 2UN,6712231
SA13 2TS,6712232
SA10 6LP,6712233
SA13 3YE,6712234
SA12 6TP,6712235
SA11 3AZ,6712236
SA12 9BB,6712237
SA13 1SF,6712238
SA10 7ND,6712239
SA11 2ED,6712240
SA11 2ET,6712241
SA11 1UR,6713309
SA12 6LF,6713310
SA10 7UG,6713311
SA11 3AA,6713313
SA12 7HL,6713314
SA12 6YN,6713316
SA13 3EL,6714047
SA11 3TA,6714064
SA8 4EG,6714065
SA10 8DB,6714066
SA10 7RE,6714067
SA12 6EY,6714601
SA12 7BL,6715500
SA9 2DY,6715501
SA13 2AN,6715502
SA10 7TY,6717006
SA10 7TY,6717008
CF39 8RS,6722046
CF32 8TB,6722051
CF32 8BA,6722055
CF32 9LA,6722086
CF31 4DD,6722090
CF32 0AW,6722103
CF35 6DH,6722109
CF34 9LD,6722117
CF32 8HW,6722122
CF34 0ND,6722129
CF35 5HN,6722146
CF34 9TE,6722149
CF34 0ET,6722172
CF32 7PL,6722178
CF36 5BL,6722185
CF36 3ED,6722194
CF31 1TD,6722220
CF33 6AB,6722227
CF34 9UN,6722232
CF32 0LF,6722256
CF34 9LN,6722259
CF32 8PN,6722275
CF35 5LY,6722279
CF33 4LW,6722288
CF31 4JT,6722292
CF36 5EY,6722296
CF31 2LN,6722298
CF31 4PL,6722300
CF36 3SN,6722301
CF33 4PA,6722304
CF32 9BE,6722342
CF33 4LW,6722358
CF32 8TD,6722363
CF31 5EG,6722367
CF32 9TH,6722368
CF32 7AJ,6722369
CF35 6RH,6722370
CF31 3ED,6722371
CF31 2EZ,6722372
CF34 0PA,6722373
CF31 1QB,6722374
CF31 2NL,6722375
CF33 6ET,6722376
CF31 4LX,6723013
CF34 9AY,6723311
CF32 9AB,6723315
CF31 4JW,6723322
CF31 2JS,6723323
CF33 6NP,6724059
CF31 4QR,6724068
CF34 0LQ,6724071
CF35 5LZ,6724076
CF31 3ER,6724078
CF36 3ES,6724080
CF34 9RW,6724085
CF32 9EL,6724086
CF31 2DN,6724601
CF31 3HT,6727003
CF32 9NZ,6727012
CF64 2JU,6731011
CF64 2ET,6731013
CF64 1BX,6732109
CF62 5UZ,6732111
CF64 2JS,6732114
CF62 9XH,6732115
CF64 2RT,6732117
CF62 8NA,6732118
CF62 8HT,6732120
CF63 4TF,6732122
CF63 1DG,6732124
CF62 3AD,6732126
CF71 7LT,6732127
CF35 5DR,6732128
CF63 2XL,6732131
CF62 3DS,6732133
CF64 5SU,6732136
CF64 2UZ,6732138
CF62 4PG,6732144
CF61 1ST,6732146
CF64 3PD,6732148
CF64 2QD,6732149
CF71 7BN,6732151
CF64 2QN,6732152
CF62 8HT,6732156
CF62 9DU,6732163
CF71 7ER,6732165
CF62 8HQ,6732178
CF62 9DU,6732179
CF63 2JS,6732181
CF62 6LF,6732182
CF61 1TQ,6732184
CF64 4JU,6732185
CF61 1TQ,6732186
CF5 6SG,6733037
CF5 6LP,6733047
CF5 6AN,6733057
CF32 0TB,6733320
CF71 7QE,6733321
CF71 7UJ,6733363
CF64 4HB,6733364
CF71 7SZ,6733365
CF71 7NL,6733367
CF64 2TQ,6733368
CF62 7FG,6733372
CF63 4EH,6733373
CF61 1TQ,6734060
CF71 7EN,6734065
CF64 2XP,6734067
CF62 8ZJ,6734068
CF62 9YQ,6734069
CF63 1BL,6734612
CF64 2XL,6735400
CF62 8YU,6735500
CF64 2TP,6737024
CF44 9JW,6742044
CF44 6TF,6742045
CF40 2UU,6742052
CF44 0SF,6742053
CF37 4EN,6742060
CF72 9QJ,6742061
CF37 4LE,6742066
CF41 7QE,6742069
CF44 6YP,6742070
CF37 2DB,6742072
CF45 4BH,6742077
CF39 8AS,6742079
CF72 9RP,6742083
CF44 6AD,6742084
CF44 7PB,6742093
CF15 7PR,6742102
CF37 5AL,6742104
CF43 4LE,6742112
CF38 1DB,6742118
CF41 7PX,6742119
CF72 8EL,6742124
CF37 2NL,6742127
CF37 1EQ,6742130
CF44 8UA,6742134
CF37 1BE,6742137
CF72 9PW,6742142
CF40 2HL,6742143
CF45 3LT,6742144
CF72 9LQ,6742151
CF72 9EG,6742160
CF42 6LY,6742161
CF44 9YY,6742167
CF44 9NF,6742170
CF44 0YA,6742180
CF37 4RD,6742182
CF45 3UW,6742192
CF40 2SZ,6742196
CF37 2RH,6742199
CF43 3LY,6742200
CF37 3EF,6742206
CF37 4ND,6742216
CF45 3RJ,6742218
CF37 5DB,6742221
CF41 7EL,6742222
CF37 3BP,6742225
CF38 2BE,6742228
CF41 7LS,6742229
CF44 8RT,6742235
CF40 2QW,6742243
CF45 3DW,6742244
CF37 3BD,6742247
CF38 1RQ,6742250
CF42 6SA,6742251
CF40 1AG,6742258
CF38 2NS,6742263
CF43 3HH,6742264
CF39 8PR,6742269
CF39 8LE,6742272
CF72 8PZ,6742276
CF39 9TL,6742284
CF42 6ED,6742287
CF72 8AA,6742306
CF72 8TL,6742351
CF41 7RX,6742356
CF38 2AA,6742359
CF43 4LG,6742361
CF37 1HF,6742362
CF45 4TH,6742364
CF41 7NW,6742365
CF45 3BG,6742367
CF42 5SD,6742369
CF39 8UH,6742370
CF42 5AW,6742371
CF44 9DR,6742372
CF43 3PL,6742373
CF38 2SE,6742374
CF38 1EU,6742375
CF45 3YD,6742376
CF39 0HU,6742378
CF40 2BQ,6742380
CF44 8LU,6742381
CF43 4TW,6742382
CF44 0HS,6742383
CF45 4LJ,6742384
CF45 4SU,6742385
CF39 9HA,6742386
CF44 6LA,6742387
CF45 3UA,6743309
CF37 1SP,6743312
CF40 1BJ,6743313
CF44 7PP,6743314
CF44 7HF,6743317
CF44 0AT,6743319
CF38 2AE,6744019
CF37 4SF,6744022
CF37 5AL,6744027
CF45 4DG,6744053
CF38 1DX,6744054
CF42 6UL,6744081
CF43 4AR,6744083
CF72 8YQ,6744096
CF39 9HA,6744097
CF44 9ES,6744105
CF44 7RP,6744106
CF37 5DP,6744602
CF44 8BW,6744604
CF72 9XE,6745500
CF39 0BS,6745501
CF40 1HQ,6745502
CF39 8HG,6745503
CF44 8RE,6747006
CF44 8HN,6747008
CF41 7SZ,6747011
CF38 1PG,6747015
CF48 1SZ,6752000
CF47 8RE,6752002
CF47 8HA,6752006
CF47 9TJ,6752010
CF48 2AD,6752015
CF47 9AF,6752020
CF48 1SB,6752022
CF48 4QQ,6752039
CF47 0HU,6752042
CF46 6RG,6752054
CF46 6AH,6752231
CF48 2LR,6752330
CF48 4NT,6752346
CF48 1LG,6752351
CF47 0LW,6752352
CF46 5NE,6752353
CF48 4JQ,6752354
CF48 3HB,6752355
CF47 9PB,6752356
CF48 3BT,6753300
CF47 8HA,6753306
CF47 9PA,6753307
CF48 4ED,6754011
CF47 9BY,6754012
CF47 0LS,6754013
CF47 9AN,6754600
CF48 4BJ,6757013
NP12 3ST,6762058
NP12 3UX,6762061
CF83 3LD,6762071
NP12 0QD,6762078
CF83 4BH,6762081
NP12 1EH,6762084
NP12 2DN,6762086
CF81 9HZ,6762089
NP11 4PX,6762093
NP11 4HJ,6762095
CF82 7HP,6762097
NP11 4QZ,6762098
NP11 7LZ,6762100
NP11 7PG,6762103
NP11 6DB,6762105
CF81 9LL,6762108
CF81 8LB,6762121
CF83 2RP,6762140
CF83 2RP,6762145
CF82 7JU,6762148
CF46 6NF,6762158
CF46 6HL,6762171
CF83 3DF,6762193
CF83 4GY,6762197
NP11 5DE,6762207
CF82 8AU,6762224
NP11 6EF,6762227
CF83 2PG,6762252
NP12 2PL,6762256
CF83 4AB,6762262
NP11 5LH,6762264
CF82 8EU,6762278
CF83 3HG,6762282
CF81 8JG,6762285
NP11 7JH,6762296
NP22 5EP,6762307
NP22 5LS,6762309
NP22 5JJ,6762310
NP12 3ST,6762313
NP24 6XE,6762316
CF82 7PU,6762322
CF83 8EB,6762323
CF83 8NA,6762326
CF83 8WW,6762328
CF83 8EE,6762335
CF83 2BL,6762338
CF83 3PD,6762339
CF83 4FF,6762347
CF82 7XQ,6762368
NP11 7HL,6762370
NP11 5GX,6762373
CF83 1WH,6762374
CF83 1SN,6762376
NP12 3JX,6762377
NP12 2NT,6762378
NP12 1WA,6762379
CF82 8FF,6762380
CF81 8PN,6762381
CF81 9DD,6762382
NP11 3JN,6762383
NP11 6HJ,6762384
CF83 8FL,6762385
CF83 1UT,6762386
NP24 6DW,6762387
CF81 9FN,6762388
CF83 3FT,6762389
CF83 3GT,6762390
CF81 8RP,6762391
NP12 0NA,6762392
CF82 7AQ,6762393
NP12 0JL,6762394
CF82 6AP,6762395
CF83 1QH,6763310
NP11 5FR,6764031
NP12 1ER,6764046
CF83 2RP,6764065
NP11 6YY,6764068
CF83 1UW,6764070
CF81 8XL,6764073
CF81 8LJ,6764075
CF82 7WW,6764077
CF83 8BJ,6764093
NP12 3JQ,6764103
NP12 0NU,6764104
NP22 5XF,6765500
CF82 7XW,6767011
NP22 3RX,6772067
NP22 4RW,6772070
NP22 3ES,6772072
NP22 4LJ,6772074
NP11 5DW,6772179
NP23 7RD,6772253
NP23 5QD,6772277
NP23 6NJ,6772278
NP23 4BR,6772306
NP13 3DQ,6772307
NP23 5UL,6772309
NP23 5TA,6772310
NP13 3XG,6772311
NP13 2JT,6772312
NP13 3AH,6772313
NP23 4EF,6773308
NP23 4SF,6773309
NP23 6QF,6773315
NP22 3RU,6773316
NP22 4BH,6774061
NP23 4XT,6775401
NP23 6GL,6775500
NP13 1HN,6775501
NP23 6AN,6777011
NP23 6EH,6777012
NP44 8HW,6782203
NP44 1NH,6782204
NP44 3XB,6782205
NP44 1JW,6782211
NP44 5YY,6782249
NP4 6QZ,6782298
NP4 6BX,6782308
NP44 4HB,6782312
NP4 7SJ,6782315
NP4 7RT,6782318
NP44 5UA,6782319
NP4 0NG,6782320
NP4 5DN,6782321
NP4 8JR,6782322
NP44 4SZ,6782323
NP44 4TG,6782324
NP44 2LL,6782325
NP44 7DJ,6782326
NP4 5HP,6782327
NP4 9AW,6783028
NP44 3JR,6783321
NP44 1UF,6783324
NP44 6JA,6783330
NP4 6HL,6783331
NP18 1GA,6783332
NP44 2YB,6784051
NP4 7DF,6784070
NP4 5YG,6784072
NP4 8JD,6784075
NP44 4YZ,6784076
NP4 6XG,6784603
NP44 2BJ,6787012
NP7 0AY,6792057
NP4 0AH,6792134
NP26 3LZ,6792163
NP26 3SD,6792164
NP16 5JP,6792228
NP7 8DL,6792243
NP16 5NT,6792246
NP26 5DF,6792261
NP25 4TJ,6792263
NP16 6RN,6792299
NP25 4PA,6792301
NP16 5UQ,6792303
NP25 5BA,6792304
NP7 8PL,6792305
NP7 6HF,6792317
NP26 4NQ,6792318
NP7 7DG,6792319
NP7 6AR,6792320
NP25 3JR,6792321
NP26 4HN,6792322
NP7 9FD,6792323
NP26 4EE,6792324
NP7 6LZ,6793004
NP15 1SE,6793022
NP15 2EN,6793031
NP25 3AX,6793032
NP26 3EG,6793310
NP7 5UD,6793317
NP16 5JE,6793326
NP26 5UL,6793327
NP25 3YT,6794060
NP7 6EP,6794064
NP16 5LR,6794065
NP26 5XA,6794066
NP16 6LA,6797006
NP20 5QB,6801001
NP19 7EJ,6801005
NP20 4JT,6802003
NP20 5ND,6802004
NP19 8GX,6802009
NP20 3DG,6802017
NP19 0AP,6802019
NP20 6NS,6802022
NP20 4DW,6802027
NP19 9AB,6802030
NP20 3RH,6802039
NP20 6LE,6802043
NP18 2JU,6802209
NP18 2HB,6802224
CF3 2UW,6802236
NP10 0AB,6802258
NP10 9YX,6802276
NP10 9AB,6802295
NP10 8JN,6802300
NP20 2FT,6802302
NP18 2LN,6802314
NP19 9QP,6802315
NP19 9LU,6802316
NP20 7DQ,6802317
NP20 7SQ,6802318
NP19 7HF,6802319
NP20 7DU,6802320
NP19 4NG,6802321
NP19 7UB,6802322
NP20 5QS,6802323
NP18 3BY,6802324
NP19 0GR,6802325
NP20 3GY,6802326
NP10 8WP,6802327
NP10 9NL,6802328
NP19 9HB,6802329
NP20 6WJ,6803002
NP20 3AQ,6803300
NP19 8FW,6803301
NP20 5HJ,6803302
NP20 2LW,6803304
NP19 0HR,6803305
NP19 9PQ,6803306
NP18 1AZ,6803313
NP19 7XU,6804003
NP10 8YD,6804020
NP18 2YE,6804021
NP20 7YB,6804025
NP19 4RP,6804026
NP10 8NF,6804030
NP18 1NF,6804059
NP20 5QS,6804060
NP10 8XH,6804602
NP20 3DG,6807002
NP20 3FQ,6807004
CF11 7DT,6811003
CF24 2TG,6811017
CF5 4SX,6811018
CF5 5AL,6812001
CF24 0JF,6812003
CF24 3RR,6812005
CF14 3QE,6812007
CF24 2SJ,6812009
CF14 1RR,6812011
CF5 5DY,6812015
CF5 3ED,6812017
CF14 2QQ,6812019
CF11 6HT,6812031
CF5 1JY,6812033
CF24 2LJ,6812037
CF5 1RB,6812039
CF14 0NX,6812041
CF24 4BB,6812043
CF3 3JG,6812045
CF24 1DW,6812050
CF14 4HG,6812052
CF5 3NP,6812061
CF3 4HF,6812065
CF3 5TP,6812069
CF14 5DW,6812072
CF23 6HB,6812074
CF5 3SG,6812075
CF10 5BS,6812084
CF14 6SS,6812090
CF14 6HL,6812092
CF23 9JN,6812094
CF23 9LS,6812096
CF11 8TF,6812101
CF14 7DS,6812104
CF23 7EH,6812107
CF15 9HJ,6812111
CF15 8DF,6812132
CF15 7LF,6812137
CF14 0TB,6812147
CF15 8RD,6812153
CF3 0AA,6812164
CF14 1AP,6812166
CF14 5BL,6812169
CF5 3SG,6812170
CF3 4AB,6812171
CF11 8DG,6812173
CF3 0ST,6812174
CF15 9QL,6812175
CF14 9LA,6812176
CF5 2QA,6812177
CF3 0JZ,6812179
CF14 3BR,6812180
CF15 9NN,6812305
CF11 8BR,6812306
CF23 9LD,6812308
CF14 3JL,6812309
CF3 5NJ,6812310
CF11 7XS,6812311
CF5 4XD,6812312
CF24 2LZ,6812313
CF3 1RQ,6812314
CF5 5QZ,6812315
CF3 3HD,6812317
CF5 4HX,6812318
CF11 9DZ,6812319
CF14 2FL,6812320
CF5 2SN,6812321
CF5 4PD,6812322
CF23 7EH,6812323
CF3 1SX,6812324
CF14 2QQ,6812325
CF23 5BS,6812326
CF5 5QN,6812327
CF23 7DW,6812328
CF14 1NL,6812329
CF23 8LL,6812330
CF23 9NB,6812331
CF10 5UY,6812332
CF3 5TP,6813000
CF24 2TG,6813321
CF10 4AB,6813323
CF14 3BL,6813328
CF11 9EF,6813330
CF11 6NA,6813332
CF24 3SP,6813334
CF3 5NX,6813336
CF14 3JL,6813341
CF11 7EU,6813343
CF24 0JT,6813344
CF5 2HT,6813346
CF14 5AS,6813351
CF3 1TA,6813353
CF5 3SN,6813354
CF10 5HB,6813355
CF23 9LF,6813357
CF5 4SZ,6813366
CF23 7JB,6813370
CF23 7ED,6813371
CF3 0AY,6813373
CF23 9NX,6813374
CF5 4JL,6813375
CF23 6WG,6814039
CF24 2YE,6814041
CF11 8XB,6814042
CF5 3JR,6814049
CF14 5YL,6814051
CF14 3XG,6814054
CF15 8XG,6814070
CF14 2JL,6814071
CF5 3PZ,6814072
CF23 9DT,6814074
CF5 4SX,6814075
CF3 3XG,6814076
CF3 1XQ,6814600
CF5 5QZ,6814607
CF5 2NR,6814608
CF23 9PD,6814609
CF23 6XL,6814611
CF14 2XJ,6815403
CF14 6UJ,6817001
CF14 5UX,6817005
CF5 5AQ,6817006
CF5 5AQ,6817008
CF5 5AQ,6817011
CF23 7XG,6817019
CF14 2QQ,6817021
SY20 8DR,6655500
NP4 8PN,6782115
